-- phpMyAdmin SQL Dump
-- version 4.7.0
-- https://www.phpmyadmin.net/
--
-- Host: 127.0.0.1
-- Generation Time: Oct 16, 2017 at 08:26 AM
-- Server version: 10.1.22-MariaDB
-- PHP Version: 7.1.4

SET SQL_MODE = "NO_AUTO_VALUE_ON_ZERO";
SET AUTOCOMMIT = 0;
START TRANSACTION;
SET time_zone = "+00:00";


/*!40101 SET @OLD_CHARACTER_SET_CLIENT=@@CHARACTER_SET_CLIENT */;
/*!40101 SET @OLD_CHARACTER_SET_RESULTS=@@CHARACTER_SET_RESULTS */;
/*!40101 SET @OLD_COLLATION_CONNECTION=@@COLLATION_CONNECTION */;
/*!40101 SET NAMES utf8mb4 */;

--
-- Database: `laravel_my_laravel_new`
--

-- --------------------------------------------------------

--
-- Table structure for table `admin_actions`
--

CREATE TABLE `admin_actions` (
  `id` bigint(64) NOT NULL,
  `description` varchar(100) DEFAULT NULL COMMENT 'Description of Admin Action.',
  `remark` varchar(500) DEFAULT NULL COMMENT 'Details Description of Admin Action.'
) ENGINE=InnoDB DEFAULT CHARSET=utf8;

--
-- Dumping data for table `admin_actions`
--

INSERT INTO `admin_actions` (`id`, `description`, `remark`) VALUES
(1, 'Login', 'Logged In User'),
(2, 'Logout', 'Logged Out User'),
(3, 'Update Profile', 'Update Profile'),
(4, 'Change Password', 'Change Password'),
(5, 'Add Admin Action', 'Add Admin Module'),
(6, 'Edit Admin Action', 'Edit Admin Module'),
(7, 'Delete Admin Action', 'Delete Admin Module'),
(8, 'Add User Action', 'Add Admin Action'),
(9, 'Edit User Action', 'Edit Admin Action'),
(10, 'Delete User Action', 'Delete Admin Action'),
(11, 'Add Admin Module Page', 'Add Module Page'),
(12, 'Edit Admin Module Page', 'Edit Module Page'),
(13, 'Delete Admin Module Page', 'Delete Module Page'),
(14, 'Update Rights', ''),
(15, 'Add Admin Modules', ''),
(16, 'Edit Admin Modules', ''),
(17, 'Delete Admin Modules', ''),
(18, 'Add Project', ''),
(19, 'Edit Project', ''),
(20, 'Delete Project', ''),
(27, 'Add Users', 'Add Admin Users'),
(28, 'Edit Users', 'Edit Admin Users'),
(29, 'Delete User', 'Delete Admin Users'),
(30, 'Add User Type', ''),
(31, 'Edit User Type', ''),
(32, 'Delete User Type', ''),
(33, 'Add Leave Request', ''),
(34, 'Edit Leave Request', ''),
(35, 'Delete Leave Request', ''),
(36, 'Add Client', ''),
(37, 'Edit Client', ''),
(38, 'Delete Client', ''),
(39, 'Add Client User', ''),
(40, 'Edit Client User', ''),
(41, 'Delete Client User', ''),
(42, 'Add Task', ''),
(43, 'Edit Task', ''),
(44, 'Delete Task', '');

-- --------------------------------------------------------

--
-- Table structure for table `admin_groups`
--

CREATE TABLE `admin_groups` (
  `id` int(11) NOT NULL,
  `parent_id` int(11) DEFAULT NULL,
  `title` varchar(128) NOT NULL,
  `order_index` int(11) NOT NULL DEFAULT '0'
) ENGINE=InnoDB DEFAULT CHARSET=utf8;

--
-- Dumping data for table `admin_groups`
--

INSERT INTO `admin_groups` (`id`, `parent_id`, `title`, `order_index`) VALUES
(1, NULL, 'Users', 0),
(2, NULL, 'User Permissions', 10),
(4, NULL, 'Masters', 9),
(7, NULL, 'Tasks', 8),
(8, NULL, 'Leaves', 7);

-- --------------------------------------------------------

--
-- Table structure for table `admin_group_pages`
--

CREATE TABLE `admin_group_pages` (
  `id` int(11) NOT NULL,
  `admin_group_id` int(11) NOT NULL,
  `name` varchar(128) NOT NULL,
  `menu_title` varchar(128) NOT NULL,
  `menu_order` int(11) NOT NULL,
  `description` text NOT NULL,
  `is_sub_menu` char(1) NOT NULL DEFAULT 'Y',
  `url` varchar(512) NOT NULL DEFAULT '',
  `show_in_menu` char(1) NOT NULL DEFAULT 'Y'
) ENGINE=InnoDB DEFAULT CHARSET=utf8;

--
-- Dumping data for table `admin_group_pages`
--

INSERT INTO `admin_group_pages` (`id`, `admin_group_id`, `name`, `menu_title`, `menu_order`, `description`, `is_sub_menu`, `url`, `show_in_menu`) VALUES
(1, 4, 'List Admin Actions', 'List Admin Actions', 1, '', 'Y', 'admin-actions', 'Y'),
(2, 4, 'Add Admin Log Actions', 'Add Admin Log Actions', 2, '', 'Y', '/admin-actions', 'N'),
(3, 4, 'Edit Admin Log Actions', 'Edit Admin Log Actions', 3, '', 'Y', '/admin-actions', 'N'),
(4, 4, 'Delete Admin Log Actions', 'Delete Admin Log Actions', 4, '', 'Y', 'admin-actions', 'N'),
(5, 2, 'List Admin Module', 'List Admin Module', 0, '', 'Y', 'modules', 'Y'),
(6, 2, 'Add Admin Modules', 'Add Admin Modules', 4, '', 'Y', '/modules', 'N'),
(7, 2, 'Edit Admin  Modules', 'Edit Admin  Modules', 5, '', 'Y', '/modules', 'N'),
(8, 2, 'Delete Admin Modules', 'Delete Admin Modules', 6, '', 'Y', '/modules', 'N'),
(9, 2, 'List  Admin Module Pages', 'List  Admin Module Pages', 1, '', 'Y', 'module-pages', 'Y'),
(10, 2, 'Add Admin Modules Pages', 'Add Admin Modules Pages', 7, '', 'Y', '/module-pages', 'N'),
(11, 2, 'Edit Admin Modules Pages', 'Edit Admin Modules Pages', 8, '', 'Y', '/module-pages', 'N'),
(12, 2, 'Delete Admin Modules Pages', 'Delete Admin Modules Pages', 9, '', 'Y', '/module-pages', 'N'),
(21, 1, 'User Logs', 'User Logs', 6, '', 'Y', '/user-logs', 'Y'),
(22, 2, 'Assign Rights', 'Assign Rights', 2, '', 'Y', '/user-type-rights', 'Y'),
(23, 7, 'List Projects', 'List Projects', 9, '', 'Y', '/projects', 'Y'),
(24, 7, 'Add Project', 'Add Project', 2, '', 'Y', '', 'N'),
(25, 7, 'Edit Project', 'Edit Project', 3, '', 'Y', '', 'N'),
(26, 7, 'Delete Project', 'Delete Project', 4, '', 'Y', '', 'N'),
(35, 1, 'List Users', 'List Users', 2, '', 'Y', '/users', 'Y'),
(36, 1, 'Add Users', 'Add Users', 3, '', 'Y', '/admin-users', 'N'),
(37, 1, 'Edit Users', 'Edit Users', 4, '', 'Y', '', 'N'),
(38, 1, 'Delete  Users', 'Delete  Users', 5, '', 'Y', '', 'N'),
(39, 1, 'List User Types', 'List User Types', 1, '', 'Y', '/user-types', 'Y'),
(40, 1, 'Add User Type', 'Add User Type', 7, '', 'Y', '', 'N'),
(41, 1, 'Edit User Type', 'Edit User Type', 8, '', 'Y', '', 'N'),
(42, 1, 'Delete User Type', 'Delete User Type', 9, '', 'Y', '', 'N'),
(43, 8, 'List Leave Request', 'List Leave Request', 2, '', 'Y', '/leave-request', 'Y'),
(44, 8, ' Leave Request', 'Leave Request', 1, '', 'Y', '/leave-request/create', 'Y'),
(45, 8, 'Edit Leave Request', 'Edit Leave Request', 3, '', 'Y', '', 'N'),
(46, 8, 'Delete Leave Request', 'Delete Leave Request', 4, '', 'Y', '', 'N'),
(47, 7, 'List Clients', 'List Clients', 1, '', 'Y', '/clients', 'Y'),
(48, 7, 'Add Client', 'Add Client', 6, '', 'Y', '', 'N'),
(49, 7, 'Edit Client', 'Edit Client', 7, '', 'Y', '', 'N'),
(50, 7, 'Delete Client', 'Delete Client', 8, '', 'Y', '', 'N'),
(51, 7, 'List Client Users', 'List Client Users', 5, '', 'Y', '/client-users', 'Y'),
(52, 7, 'Add Client User', 'Add Client User', 10, '', 'Y', '', 'N'),
(53, 7, 'Edit Client User', 'Edit Client User', 11, '', 'Y', '', 'N'),
(54, 7, 'Delete Client User', 'Delete Client User', 12, '', 'Y', '', 'N'),
(55, 7, 'List Tasks', 'List Tasks', 14, '', 'Y', '/tasks', 'Y'),
(56, 7, 'Add Tasks', 'Add Tasks', 13, '', 'Y', '/tasks/create', 'Y'),
(57, 7, 'Edit Task', 'Edit Task', 15, '', 'Y', '', 'N'),
(58, 7, 'Delete Task', 'Delete Task', 16, '', 'Y', '', 'N');

-- --------------------------------------------------------

--
-- Table structure for table `admin_logs`
--

CREATE TABLE `admin_logs` (
  `id` int(64) NOT NULL,
  `adminuserid` bigint(64) NOT NULL DEFAULT '0',
  `actionid` bigint(64) NOT NULL DEFAULT '0',
  `actionvalue` varchar(30) DEFAULT NULL,
  `remark` longtext,
  `ipaddress` varchar(50) DEFAULT NULL,
  `created_at` datetime DEFAULT NULL,
  `updated_at` datetime DEFAULT NULL
) ENGINE=InnoDB DEFAULT CHARSET=utf8;

--
-- Dumping data for table `admin_logs`
--

INSERT INTO `admin_logs` (`id`, `adminuserid`, `actionid`, `actionvalue`, `remark`, `ipaddress`, `created_at`, `updated_at`) VALUES
(459, 1, 1, '1', 'Login Admin User', '::1', '2017-09-16 08:15:45', '2017-09-16 08:15:45'),
(460, 1, 14, '1', 'Update Rights ::1', '::1', '2017-09-16 08:16:40', '2017-09-16 08:16:40'),
(461, 1, 15, '5', 'Add Admin Module::5', '::1', '2017-09-16 08:21:16', '2017-09-16 08:21:16'),
(462, 1, 16, '5', 'Edit Admin Module::5', '::1', '2017-09-16 08:21:46', '2017-09-16 08:21:46'),
(463, 1, 15, '6', 'Add Admin Module::6', '::1', '2017-09-16 08:22:06', '2017-09-16 08:22:06'),
(464, 1, 17, '6', 'Delete Admin Module::6', '::1', '2017-09-16 08:22:14', '2017-09-16 08:22:14'),
(465, 1, 8, '11', 'Add User Action::11', '::1', '2017-09-16 08:27:13', '2017-09-16 08:27:13'),
(466, 1, 10, '11', 'Delete User Action::11', '::1', '2017-09-16 08:28:36', '2017-09-16 08:28:36'),
(467, 1, 10, '10', 'Delete User Action::10', '::1', '2017-09-16 08:28:42', '2017-09-16 08:28:42'),
(468, 1, 9, '8', 'Edit User Action::8', '::1', '2017-09-16 08:28:57', '2017-09-16 08:28:57'),
(469, 1, 12, '13', 'Edit Admin Module Page::13', '::1', '2017-09-16 08:35:19', '2017-09-16 08:35:19'),
(470, 1, 12, '31', 'Edit Admin Module Page::31', '::1', '2017-09-16 08:36:38', '2017-09-16 08:36:38'),
(471, 1, 12, '27', 'Edit Admin Module Page::27', '::1', '2017-09-16 08:37:02', '2017-09-16 08:37:02'),
(472, 1, 12, '23', 'Edit Admin Module Page::23', '::1', '2017-09-16 08:37:45', '2017-09-16 08:37:45'),
(473, 1, 2, '1', 'Logout Admin User', '::1', '2017-09-16 08:38:19', '2017-09-16 08:38:19'),
(474, 1, 1, '1', 'Login Admin User', '::1', '2017-09-16 08:38:22', '2017-09-16 08:38:22'),
(475, 1, 12, '1', 'Edit Admin Module Page::1', '::1', '2017-09-16 08:44:25', '2017-09-16 08:44:25'),
(476, 1, 12, '17', 'Edit Admin Module Page::17', '::1', '2017-09-16 08:45:11', '2017-09-16 08:45:11'),
(477, 1, 2, '1', 'Logout Admin User', '::1', '2017-09-16 08:45:26', '2017-09-16 08:45:26'),
(478, 1, 1, '1', 'Login Admin User', '::1', '2017-09-16 08:45:34', '2017-09-16 08:45:34'),
(479, 1, 5, '27', 'Add Admin Action::27', '::1', '2017-09-16 08:46:22', '2017-09-16 08:46:22'),
(480, 1, 6, '27', 'Edit Admin Action::27', '::1', '2017-09-16 08:46:29', '2017-09-16 08:46:29'),
(481, 1, 7, '27', 'Delete Admin Action::27', '::1', '2017-09-16 08:46:34', '2017-09-16 08:46:34'),
(482, 1, 18, '1', 'Add Country::1', '::1', '2017-09-16 08:47:07', '2017-09-16 08:47:07'),
(483, 1, 18, '2', 'Add Country::2', '::1', '2017-09-16 08:47:16', '2017-09-16 08:47:16'),
(484, 1, 19, '1', 'Edit Country::1', '::1', '2017-09-16 08:47:39', '2017-09-16 08:47:39'),
(485, 1, 19, '1', 'Edit Country::1', '::1', '2017-09-16 08:47:47', '2017-09-16 08:47:47'),
(486, 1, 21, '27', 'Add State::27', '::1', '2017-09-16 08:50:23', '2017-09-16 08:50:23'),
(487, 1, 21, '28', 'Add State::28', '::1', '2017-09-16 08:50:44', '2017-09-16 08:50:44'),
(488, 1, 22, '28', 'Edit State::28', '::1', '2017-09-16 08:50:54', '2017-09-16 08:50:54'),
(489, 1, 22, '28', 'Edit State::28', '::1', '2017-09-16 08:53:11', '2017-09-16 08:53:11'),
(490, 1, 21, '29', 'Add State::29', '::1', '2017-09-16 08:53:40', '2017-09-16 08:53:40'),
(491, 1, 21, '30', 'Add State::30', '::1', '2017-09-16 08:55:33', '2017-09-16 08:55:33'),
(492, 1, 23, '30', 'Delete State::30', '::1', '2017-09-16 08:55:39', '2017-09-16 08:55:39'),
(493, 1, 1, '1', 'Login Admin User', '::1', '2017-09-16 13:35:48', '2017-09-16 13:35:48'),
(494, 1, 14, '1', 'Update Rights ::1', '::1', '2017-09-16 13:37:07', '2017-09-16 13:37:07'),
(495, 1, 2, '1', 'Logout Admin User', '::1', '2017-09-16 13:37:14', '2017-09-16 13:37:14'),
(496, 1, 1, '1', 'Login Admin User', '::1', '2017-09-16 13:37:16', '2017-09-16 13:37:16'),
(497, 1, 1, '1', 'Login Admin User', '::1', '2017-09-17 13:53:49', '2017-09-17 13:53:49'),
(498, 1, 8, '2', 'Add User Action::2', '::1', '2017-09-18 06:02:40', '2017-09-18 06:02:40'),
(499, 1, 9, '2', 'Edit User Action::2', '::1', '2017-09-18 06:02:50', '2017-09-18 06:02:50'),
(500, 1, 10, '2', 'Delete User Action::2', '::1', '2017-09-18 06:02:54', '2017-09-18 06:02:54'),
(501, 1, 1, '1', 'Login Admin User', '::1', '2017-09-18 12:53:22', '2017-09-18 12:53:22'),
(502, 1, 1, '1', 'Login Admin User', '::1', '2017-09-19 04:22:01', '2017-09-19 04:22:01'),
(503, 1, 24, '2', 'Add City::2', '::1', '2017-09-19 05:25:55', '2017-09-19 05:25:55'),
(504, 1, 24, '3', 'Add City::3', '::1', '2017-09-19 05:26:55', '2017-09-19 05:26:55'),
(505, 1, 26, '2', 'Delete City::2', '::1', '2017-09-19 05:32:44', '2017-09-19 05:32:44'),
(506, 1, 11, '35', 'Add Admin Models Page ::35', '::1', '2017-09-19 06:03:47', '2017-09-19 06:03:47'),
(507, 1, 14, '1', 'Update Rights ::1', '::1', '2017-09-19 06:04:10', '2017-09-19 06:04:10'),
(508, 1, 2, '1', 'Logout Admin User', '::1', '2017-09-19 06:04:21', '2017-09-19 06:04:21'),
(509, 1, 1, '1', 'Login Admin User', '::1', '2017-09-19 06:04:24', '2017-09-19 06:04:24'),
(510, 1, 11, '36', 'Add Admin Models Page ::36', '::1', '2017-09-19 06:43:52', '2017-09-19 06:43:52'),
(511, 1, 11, '37', 'Add Admin Models Page ::37', '::1', '2017-09-19 06:44:22', '2017-09-19 06:44:22'),
(512, 1, 11, '38', 'Add Admin Models Page ::38', '::1', '2017-09-19 06:44:50', '2017-09-19 06:44:50'),
(513, 1, 14, '1', 'Update Rights ::1', '::1', '2017-09-19 06:45:15', '2017-09-19 06:45:15'),
(514, 1, 14, '1', 'Update Rights ::1', '::1', '2017-09-19 06:45:22', '2017-09-19 06:45:22'),
(515, 1, 2, '1', 'Logout Admin User', '::1', '2017-09-19 06:45:25', '2017-09-19 06:45:25'),
(516, 1, 1, '1', 'Login Admin User', '::1', '2017-09-19 06:45:30', '2017-09-19 06:45:30'),
(517, 1, 6, '29', 'Edit Admin Action::29', '::1', '2017-09-19 10:31:26', '2017-09-19 10:31:26'),
(518, 1, 27, '15', 'Add Admin Users::15', '::1', '2017-09-19 10:31:33', '2017-09-19 10:31:33'),
(519, 1, 27, '16', 'Add Admin Users::16', '::1', '2017-09-19 11:26:12', '2017-09-19 11:26:12'),
(520, 1, 27, '17', 'Add Admin Users::17', '::1', '2017-09-19 11:29:42', '2017-09-19 11:29:42'),
(521, 1, 2, '1', 'Logout Admin User', '::1', '2017-09-19 11:44:14', '2017-09-19 11:44:14'),
(522, 1, 1, '1', 'Login Admin User', '::1', '2017-09-19 11:44:19', '2017-09-19 11:44:19'),
(523, 1, 27, '18', 'Add Admin Users::18', '::1', '2017-09-19 12:03:07', '2017-09-19 12:03:07'),
(524, 1, 27, '19', 'Add Admin Users::19', '::1', '2017-09-19 12:03:50', '2017-09-19 12:03:50'),
(525, 1, 27, '20', 'Add Admin Users::20', '::1', '2017-09-19 12:04:19', '2017-09-19 12:04:19'),
(526, 1, 27, '21', 'Add Admin User::21', '::1', '2017-09-19 12:27:27', '2017-09-19 12:27:27'),
(527, 1, 14, '1', 'Update Rights ::1', '::1', '2017-09-19 12:28:12', '2017-09-19 12:28:12'),
(528, 1, 2, '1', 'Logout Admin User', '::1', '2017-09-19 12:28:15', '2017-09-19 12:28:15'),
(529, 1, 1, '1', 'Login Admin User', '::1', '2017-09-19 12:28:19', '2017-09-19 12:28:19'),
(530, 1, 28, '20', 'Edit Admin User::20', '::1', '2017-09-19 12:30:26', '2017-09-19 12:30:26'),
(531, 1, 29, '21', 'Delete Admin User::21', '::1', '2017-09-19 12:30:33', '2017-09-19 12:30:33'),
(532, 1, 6, '29', 'Edit Admin Action::29', '::1', '2017-09-19 12:39:36', '2017-09-19 12:39:36'),
(533, 1, 6, '29', 'Edit Admin Action::29', '::1', '2017-09-19 12:39:55', '2017-09-19 12:39:55'),
(534, 1, 9, '1', 'Edit User Action::1', '::1', '2017-09-19 12:47:59', '2017-09-19 12:47:59'),
(535, 1, 18, '3', 'Add Country::3', '::1', '2017-09-19 12:49:13', '2017-09-19 12:49:13'),
(536, 1, 19, '3', 'Edit Country::3', '::1', '2017-09-19 12:51:40', '2017-09-19 12:51:40'),
(537, 1, 22, '29', 'Edit State::29', '::1', '2017-09-19 12:56:09', '2017-09-19 12:56:09'),
(538, 1, 25, '3', 'Edit City::3', '::1', '2017-09-19 13:03:39', '2017-09-19 13:03:39'),
(539, 1, 24, '4', 'Add City::4', '::1', '2017-09-19 13:04:18', '2017-09-19 13:04:18'),
(540, 1, 26, '4', 'Delete City::4', '::1', '2017-09-19 13:04:29', '2017-09-19 13:04:29'),
(541, 1, 15, '6', 'Add Admin Module::6', '::1', '2017-09-19 13:05:43', '2017-09-19 13:05:43'),
(542, 1, 16, '6', 'Edit Admin Module::6', '::1', '2017-09-19 13:05:58', '2017-09-19 13:05:58'),
(543, 1, 17, '6', 'Delete Admin Module::6', '::1', '2017-09-19 13:06:12', '2017-09-19 13:06:12'),
(544, 1, 1, '1', 'Login Admin User', '::1', '2017-09-20 04:08:46', '2017-09-20 04:08:46'),
(545, 1, 1, '1', 'Login Admin User', '::1', '2017-09-20 05:02:42', '2017-09-20 05:02:42'),
(546, 1, 1, '1', 'Login Admin User', '::1', '2017-09-20 05:33:22', '2017-09-20 05:33:22'),
(547, 1, 1, '1', 'Login Admin User', '::1', '2017-09-20 09:44:58', '2017-09-20 09:44:58'),
(548, 1, 27, '21', 'Add Admin User::21', '::1', '2017-09-20 09:45:39', '2017-09-20 09:45:39'),
(549, 1, 1, '1', 'Login Admin User', '::1', '2017-09-28 04:26:42', '2017-09-28 04:26:42'),
(550, 1, 11, '39', 'Add Admin Models Page ::39', '::1', '2017-09-28 06:11:22', '2017-09-28 06:11:22'),
(551, 1, 11, '40', 'Add Admin Models Page ::40', '::1', '2017-09-28 06:11:22', '2017-09-28 06:11:22'),
(552, 1, 13, '40', 'Delete Admin Module Page::40', '::1', '2017-09-28 06:11:35', '2017-09-28 06:11:35'),
(553, 1, 14, '1', 'Update Rights ::1', '::1', '2017-09-28 06:12:19', '2017-09-28 06:12:19'),
(554, 1, 2, '1', 'Logout Admin User', '::1', '2017-09-28 06:12:32', '2017-09-28 06:12:32'),
(555, 1, 1, '1', 'Login Admin User', '::1', '2017-09-28 06:12:46', '2017-09-28 06:12:46'),
(556, 1, 12, '39', 'Edit Admin Module Page::39', '::1', '2017-09-28 06:53:46', '2017-09-28 06:53:46'),
(557, 1, 11, '41', 'Add Admin Models Page ::41', '::1', '2017-09-28 06:55:45', '2017-09-28 06:55:45'),
(558, 1, 12, '41', 'Edit Admin Module Page::41', '::1', '2017-09-28 06:56:12', '2017-09-28 06:56:12'),
(559, 1, 11, '42', 'Add Admin Models Page ::42', '::1', '2017-09-28 06:56:52', '2017-09-28 06:56:52'),
(560, 1, 12, '42', 'Edit Admin Module Page::42', '::1', '2017-09-28 06:57:35', '2017-09-28 06:57:35'),
(561, 1, 11, '43', 'Add Admin Models Page ::43', '::1', '2017-09-28 06:58:17', '2017-09-28 06:58:17'),
(562, 1, 12, '43', 'Edit Admin Module Page::43', '::1', '2017-09-28 06:58:37', '2017-09-28 06:58:37'),
(563, 1, 5, '30', 'Add Admin Action::30', '::1', '2017-09-28 07:03:41', '2017-09-28 07:03:41'),
(564, 1, 5, '31', 'Add Admin Action::31', '::1', '2017-09-28 07:04:14', '2017-09-28 07:04:14'),
(565, 1, 5, '32', 'Add Admin Action::32', '::1', '2017-09-28 07:04:38', '2017-09-28 07:04:38'),
(566, 1, 14, '1', 'Update Rights ::1', '::1', '2017-09-28 07:07:10', '2017-09-28 07:07:10'),
(567, 1, 2, '1', 'Logout Admin User', '::1', '2017-09-28 07:07:28', '2017-09-28 07:07:28'),
(568, 1, 1, '1', 'Login Admin User', '::1', '2017-09-28 07:07:41', '2017-09-28 07:07:41'),
(569, 1, 30, '1', 'Add User Type::1', '::1', '2017-09-28 07:09:07', '2017-09-28 07:09:07'),
(570, 1, 30, '2', 'Add User Type::2', '::1', '2017-09-28 07:09:36', '2017-09-28 07:09:36'),
(571, 1, 31, '1', 'Edit User Type::1', '::1', '2017-09-28 07:09:56', '2017-09-28 07:09:56'),
(572, 1, 31, '1', 'Edit User Type::1', '::1', '2017-09-28 07:10:31', '2017-09-28 07:10:31'),
(573, 1, 31, '1', 'Edit User Type::1', '::1', '2017-09-28 07:10:31', '2017-09-28 07:10:31'),
(574, 1, 15, '6', 'Add Admin Module::6', '::1', '2017-09-28 07:18:14', '2017-09-28 07:18:14'),
(575, 1, 11, '44', 'Add Admin Models Page ::44', '::1', '2017-09-28 07:20:02', '2017-09-28 07:20:02'),
(576, 1, 12, '44', 'Edit Admin Module Page::44', '::1', '2017-09-28 07:20:28', '2017-09-28 07:20:28'),
(577, 1, 12, '44', 'Edit Admin Module Page::44', '::1', '2017-09-28 07:20:28', '2017-09-28 07:20:28'),
(578, 1, 11, '45', 'Add Admin Models Page ::45', '::1', '2017-09-28 07:21:23', '2017-09-28 07:21:23'),
(579, 1, 12, '45', 'Edit Admin Module Page::45', '::1', '2017-09-28 07:21:44', '2017-09-28 07:21:44'),
(580, 1, 11, '46', 'Add Admin Models Page ::46', '::1', '2017-09-28 07:22:24', '2017-09-28 07:22:24'),
(581, 1, 12, '46', 'Edit Admin Module Page::46', '::1', '2017-09-28 07:22:42', '2017-09-28 07:22:42'),
(582, 1, 11, '47', 'Add Admin Models Page ::47', '::1', '2017-09-28 07:23:28', '2017-09-28 07:23:28'),
(583, 1, 12, '47', 'Edit Admin Module Page::47', '::1', '2017-09-28 07:23:47', '2017-09-28 07:23:47'),
(584, 1, 5, '33', 'Add Admin Action::33', '::1', '2017-09-28 07:26:21', '2017-09-28 07:26:21'),
(585, 1, 5, '34', 'Add Admin Action::34', '::1', '2017-09-28 07:26:52', '2017-09-28 07:26:52'),
(586, 1, 5, '35', 'Add Admin Action::35', '::1', '2017-09-28 07:28:05', '2017-09-28 07:28:05'),
(587, 1, 2, '1', 'Logout Admin User', '::1', '2017-09-28 07:44:59', '2017-09-28 07:44:59'),
(588, 1, 1, '1', 'Login Admin User', '::1', '2017-09-28 07:45:11', '2017-09-28 07:45:11'),
(589, 1, 14, '1', 'Update Rights ::1', '::1', '2017-09-28 07:46:03', '2017-09-28 07:46:03'),
(590, 1, 2, '1', 'Logout Admin User', '::1', '2017-09-28 07:46:07', '2017-09-28 07:46:07'),
(591, 1, 1, '1', 'Login Admin User', '::1', '2017-09-28 07:46:19', '2017-09-28 07:46:19'),
(592, 1, 33, '1', 'Add Vendor category::1', '::1', '2017-09-28 07:53:36', '2017-09-28 07:53:36'),
(593, 1, 33, '2', 'Add Vendor category::2', '::1', '2017-09-28 07:54:28', '2017-09-28 07:54:28'),
(594, 1, 34, '2', 'Edit vendor category::2', '::1', '2017-09-28 07:56:26', '2017-09-28 07:56:26'),
(595, 1, 34, '2', 'Edit vendor category::2', '::1', '2017-09-28 07:56:45', '2017-09-28 07:56:45'),
(596, 1, 14, '1', 'Update Rights ::1', '::1', '2017-09-28 07:59:48', '2017-09-28 07:59:48'),
(597, 1, 2, '1', 'Logout Admin User', '::1', '2017-09-28 07:59:56', '2017-09-28 07:59:56'),
(598, 1, 1, '1', 'Login Admin User', '::1', '2017-09-28 08:00:09', '2017-09-28 08:00:09'),
(599, 1, 14, '1', 'Update Rights ::1', '::1', '2017-09-28 08:01:37', '2017-09-28 08:01:37'),
(600, 1, 2, '1', 'Logout Admin User', '::1', '2017-09-28 08:01:46', '2017-09-28 08:01:46'),
(601, 1, 1, '1', 'Login Admin User', '::1', '2017-09-28 08:01:58', '2017-09-28 08:01:58'),
(602, 1, 2, '1', 'Logout Admin User', '::1', '2017-09-28 08:04:02', '2017-09-28 08:04:02'),
(603, 1, 1, '1', 'Login Admin User', '::1', '2017-09-28 08:07:54', '2017-09-28 08:07:54'),
(604, 1, 2, '1', 'Logout Admin User', '::1', '2017-09-28 08:12:11', '2017-09-28 08:12:11'),
(605, 1, 1, '1', 'Login Admin User', '::1', '2017-09-28 08:12:30', '2017-09-28 08:12:30'),
(606, 1, 12, '39', 'Edit Admin Module Page::39', '::1', '2017-09-28 08:59:13', '2017-09-28 08:59:13'),
(607, 1, 12, '43', 'Edit Admin Module Page::43', '::1', '2017-09-28 09:00:00', '2017-09-28 09:00:00'),
(608, 1, 11, '48', 'Add Admin Models Page ::48', '::1', '2017-09-28 09:01:12', '2017-09-28 09:01:12'),
(609, 1, 12, '48', 'Edit Admin Module Page::48', '::1', '2017-09-28 09:01:41', '2017-09-28 09:01:41'),
(610, 1, 11, '49', 'Add Admin Models Page ::49', '::1', '2017-09-28 09:02:28', '2017-09-28 09:02:28'),
(611, 1, 12, '49', 'Edit Admin Module Page::49', '::1', '2017-09-28 09:03:10', '2017-09-28 09:03:10'),
(612, 1, 11, '50', 'Add Admin Models Page ::50', '::1', '2017-09-28 09:03:54', '2017-09-28 09:03:54'),
(613, 1, 12, '50', 'Edit Admin Module Page::50', '::1', '2017-09-28 09:04:16', '2017-09-28 09:04:16'),
(614, 1, 11, '51', 'Add Admin Models Page ::51', '::1', '2017-09-28 09:05:00', '2017-09-28 09:05:00'),
(615, 1, 12, '51', 'Edit Admin Module Page::51', '::1', '2017-09-28 09:05:27', '2017-09-28 09:05:27'),
(616, 1, 5, '36', 'Add Admin Action::36', '::1', '2017-09-28 09:11:37', '2017-09-28 09:11:37'),
(617, 1, 5, '37', 'Add Admin Action::37', '::1', '2017-09-28 09:11:57', '2017-09-28 09:11:57'),
(618, 1, 5, '38', 'Add Admin Action::38', '::1', '2017-09-28 09:12:17', '2017-09-28 09:12:17'),
(619, 1, 2, '1', 'Logout Admin User', '::1', '2017-09-28 09:23:53', '2017-09-28 09:23:53'),
(620, 1, 1, '1', 'Login Admin User', '::1', '2017-09-28 09:24:54', '2017-09-28 09:24:54'),
(621, 1, 2, '1', 'Logout Admin User', '::1', '2017-09-28 10:26:24', '2017-09-28 10:26:24'),
(622, 1, 1, '1', 'Login Admin User', '::1', '2017-09-28 10:26:38', '2017-09-28 10:26:38'),
(623, 1, 14, '1', 'Update Rights ::1', '::1', '2017-09-28 10:27:17', '2017-09-28 10:27:17'),
(624, 1, 2, '1', 'Logout Admin User', '::1', '2017-09-28 10:27:21', '2017-09-28 10:27:21'),
(625, 1, 1, '1', 'Login Admin User', '::1', '2017-09-28 10:27:35', '2017-09-28 10:27:35'),
(626, 1, 36, '1', 'Add Vendor::1', '::1', '2017-09-28 12:49:48', '2017-09-28 12:49:48'),
(627, 1, 1, '1', 'Login Admin User', '::1', '2017-09-29 04:29:21', '2017-09-29 04:29:21'),
(628, 1, 38, '1', 'Changed Vendor Status Inactive to Active', '::1', '2017-09-29 06:50:29', '2017-09-29 06:50:29'),
(629, 1, 11, '51', 'Add Admin Models Page ::51', '::1', '2017-09-29 07:46:41', '2017-09-29 07:46:41'),
(630, 1, 12, '51', 'Edit Admin Module Page::51', '::1', '2017-09-29 07:47:10', '2017-09-29 07:47:10'),
(631, 1, 11, '52', 'Add Admin Models Page ::52', '::1', '2017-09-29 07:47:48', '2017-09-29 07:47:48'),
(632, 1, 5, '39', 'Add Admin Action::39', '::1', '2017-09-29 07:53:44', '2017-09-29 07:53:44'),
(633, 1, 2, '1', 'Logout Admin User', '::1', '2017-09-29 07:55:57', '2017-09-29 07:55:57'),
(634, 1, 1, '1', 'Login Admin User', '::1', '2017-09-29 07:56:08', '2017-09-29 07:56:08'),
(635, 1, 14, '1', 'Update Rights ::1', '::1', '2017-09-29 07:56:38', '2017-09-29 07:56:38'),
(636, 1, 2, '1', 'Logout Admin User', '::1', '2017-09-29 07:56:42', '2017-09-29 07:56:42'),
(637, 1, 1, '1', 'Login Admin User', '::1', '2017-09-29 07:56:53', '2017-09-29 07:56:53'),
(638, 1, 37, '1', 'Edit vendor::1', '::1', '2017-09-29 08:45:09', '2017-09-29 08:45:09'),
(639, 1, 36, '2', 'Add Vendor::2', '::1', '2017-09-29 09:04:52', '2017-09-29 09:04:52'),
(640, 1, 39, '1', 'Changed Vendor Status Active to Inactive', '::1', '2017-09-29 09:06:00', '2017-09-29 09:06:00'),
(641, 1, 1, '1', 'Login Admin User', '::1', '2017-09-29 10:17:38', '2017-09-29 10:17:38'),
(642, 1, 1, '1', 'Login Admin User', '::1', '2017-09-29 10:27:04', '2017-09-29 10:27:04'),
(643, 1, 1, '1', 'Login Admin User', '::1', '2017-09-29 10:47:58', '2017-09-29 10:47:58'),
(644, 1, 1, '1', 'Login Admin User', '::1', '2017-09-29 12:14:12', '2017-09-29 12:14:12'),
(645, 1, 1, '1', 'Login Admin User', '::1', '2017-09-29 12:55:40', '2017-09-29 12:55:40'),
(646, 1, 1, '1', 'Login Admin User', '::1', '2017-10-01 09:13:18', '2017-10-01 09:13:18'),
(647, 1, 1, '1', 'Login Admin User', '::1', '2017-10-01 09:47:15', '2017-10-01 09:47:15'),
(648, 1, 1, '1', 'Login Admin User', '::1', '2017-10-02 04:33:59', '2017-10-02 04:33:59'),
(649, 1, 1, '1', 'Login Admin User', '::1', '2017-10-02 11:22:11', '2017-10-02 11:22:11'),
(650, 1, 1, '1', 'Login Admin User', '::1', '2017-10-02 12:24:56', '2017-10-02 12:24:56'),
(651, 1, 1, '1', 'Login Admin User', '::1', '2017-10-03 07:14:02', '2017-10-03 07:14:02'),
(652, 1, 1, '1', 'Login Admin User', '::1', '2017-10-03 07:56:16', '2017-10-03 07:56:16'),
(653, 1, 1, '1', 'Login Admin User', '::1', '2017-10-03 08:39:41', '2017-10-03 08:39:41'),
(654, 1, 12, '1', 'Edit Admin Module Page::1', '::1', '2017-10-03 08:41:53', '2017-10-03 08:41:53'),
(655, 1, 12, '5', 'Edit Admin Module Page::5', '::1', '2017-10-03 08:42:23', '2017-10-03 08:42:23'),
(656, 1, 12, '9', 'Edit Admin Module Page::9', '::1', '2017-10-03 08:42:52', '2017-10-03 08:42:52'),
(657, 1, 12, '13', 'Edit Admin Module Page::13', '::1', '2017-10-03 08:43:32', '2017-10-03 08:43:32'),
(658, 1, 12, '47', 'Edit Admin Module Page::47', '::1', '2017-10-03 08:46:00', '2017-10-03 08:46:00'),
(659, 1, 12, '43', 'Edit Admin Module Page::43', '::1', '2017-10-03 08:46:21', '2017-10-03 08:46:21'),
(660, 1, 12, '39', 'Edit Admin Module Page::39', '::1', '2017-10-03 09:11:31', '2017-10-03 09:11:31'),
(661, 1, 12, '35', 'Edit Admin Module Page::35', '::1', '2017-10-03 09:12:10', '2017-10-03 09:12:10'),
(662, 1, 12, '31', 'Edit Admin Module Page::31', '::1', '2017-10-03 09:12:40', '2017-10-03 09:12:40'),
(663, 1, 12, '27', 'Edit Admin Module Page::27', '::1', '2017-10-03 09:13:06', '2017-10-03 09:13:06'),
(664, 1, 12, '23', 'Edit Admin Module Page::23', '::1', '2017-10-03 09:13:36', '2017-10-03 09:13:36'),
(665, 1, 12, '17', 'Edit Admin Module Page::17', '::1', '2017-10-03 09:14:10', '2017-10-03 09:14:10'),
(666, 1, 12, '47', 'Edit Admin Module Page::47', '::1', '2017-10-03 09:15:30', '2017-10-03 09:15:30'),
(667, 1, 2, '1', 'Logout Admin User', '::1', '2017-10-03 09:17:31', '2017-10-03 09:17:31'),
(668, 1, 1, '1', 'Login Admin User', '::1', '2017-10-03 09:19:52', '2017-10-03 09:19:52'),
(669, 1, 31, '1', 'Edit User Type::1', '::1', '2017-10-03 09:20:24', '2017-10-03 09:20:24'),
(670, 1, 31, '2', 'Edit User Type::2', '::1', '2017-10-03 09:20:39', '2017-10-03 09:20:39'),
(671, 1, 30, '3', 'Add User Type::3', '::1', '2017-10-03 09:21:02', '2017-10-03 09:21:02'),
(672, 1, 16, '1', 'Edit Admin Module::1', '::1', '2017-10-03 09:21:46', '2017-10-03 09:21:46'),
(673, 1, 12, '21', 'Edit Admin Module Page::21', '::1', '2017-10-03 09:22:36', '2017-10-03 09:22:36'),
(674, 1, 12, '35', 'Edit Admin Module Page::35', '::1', '2017-10-03 09:22:58', '2017-10-03 09:22:58'),
(675, 1, 12, '35', 'Edit Admin Module Page::35', '::1', '2017-10-03 09:23:13', '2017-10-03 09:23:13'),
(676, 1, 2, '1', 'Logout Admin User', '::1', '2017-10-03 09:23:21', '2017-10-03 09:23:21'),
(677, 1, 1, '1', 'Login Admin User', '::1', '2017-10-03 09:24:44', '2017-10-03 09:24:44'),
(678, 1, 13, '52', 'Delete Admin Module Page::52', '::1', '2017-10-03 09:30:44', '2017-10-03 09:30:44'),
(679, 1, 13, '51', 'Delete Admin Module Page::51', '::1', '2017-10-03 09:30:53', '2017-10-03 09:30:53'),
(680, 1, 13, '50', 'Delete Admin Module Page::50', '::1', '2017-10-03 09:30:58', '2017-10-03 09:30:58'),
(681, 1, 13, '49', 'Delete Admin Module Page::49', '::1', '2017-10-03 09:31:01', '2017-10-03 09:31:01'),
(682, 1, 13, '48', 'Delete Admin Module Page::48', '::1', '2017-10-03 09:31:05', '2017-10-03 09:31:05'),
(683, 1, 13, '47', 'Delete Admin Module Page::47', '::1', '2017-10-03 09:31:16', '2017-10-03 09:31:16'),
(684, 1, 13, '46', 'Delete Admin Module Page::46', '::1', '2017-10-03 09:31:19', '2017-10-03 09:31:19'),
(685, 1, 13, '45', 'Delete Admin Module Page::45', '::1', '2017-10-03 09:31:22', '2017-10-03 09:31:22'),
(686, 1, 13, '44', 'Delete Admin Module Page::44', '::1', '2017-10-03 09:31:31', '2017-10-03 09:31:31'),
(687, 1, 13, '43', 'Delete Admin Module Page::43', '::1', '2017-10-03 09:31:45', '2017-10-03 09:31:45'),
(688, 1, 13, '34', 'Delete Admin Module Page::34', '::1', '2017-10-03 09:32:07', '2017-10-03 09:32:07'),
(689, 1, 13, '33', 'Delete Admin Module Page::33', '::1', '2017-10-03 09:32:10', '2017-10-03 09:32:10'),
(690, 1, 13, '32', 'Delete Admin Module Page::32', '::1', '2017-10-03 09:32:13', '2017-10-03 09:32:13'),
(691, 1, 13, '31', 'Delete Admin Module Page::31', '::1', '2017-10-03 09:32:16', '2017-10-03 09:32:16'),
(692, 1, 13, '30', 'Delete Admin Module Page::30', '::1', '2017-10-03 09:32:20', '2017-10-03 09:32:20'),
(693, 1, 13, '29', 'Delete Admin Module Page::29', '::1', '2017-10-03 09:32:44', '2017-10-03 09:32:44'),
(694, 1, 13, '28', 'Delete Admin Module Page::28', '::1', '2017-10-03 09:32:47', '2017-10-03 09:32:47'),
(695, 1, 13, '27', 'Delete Admin Module Page::27', '::1', '2017-10-03 09:32:50', '2017-10-03 09:32:50'),
(696, 1, 13, '26', 'Delete Admin Module Page::26', '::1', '2017-10-03 09:32:53', '2017-10-03 09:32:53'),
(697, 1, 13, '25', 'Delete Admin Module Page::25', '::1', '2017-10-03 09:32:57', '2017-10-03 09:32:57'),
(698, 1, 13, '24', 'Delete Admin Module Page::24', '::1', '2017-10-03 09:33:10', '2017-10-03 09:33:10'),
(699, 1, 13, '23', 'Delete Admin Module Page::23', '::1', '2017-10-03 09:33:14', '2017-10-03 09:33:14'),
(700, 1, 17, '6', 'Delete Admin Module::6', '::1', '2017-10-03 09:34:09', '2017-10-03 09:34:09'),
(701, 1, 17, '5', 'Delete Admin Module::5', '::1', '2017-10-03 09:34:18', '2017-10-03 09:34:18'),
(702, 1, 12, '42', 'Edit Admin Module Page::42', '::1', '2017-10-03 09:34:51', '2017-10-03 09:34:51'),
(703, 1, 12, '41', 'Edit Admin Module Page::41', '::1', '2017-10-03 09:35:06', '2017-10-03 09:35:06'),
(704, 1, 12, '40', 'Edit Admin Module Page::40', '::1', '2017-10-03 09:35:20', '2017-10-03 09:35:20'),
(705, 1, 12, '39', 'Edit Admin Module Page::39', '::1', '2017-10-03 09:35:38', '2017-10-03 09:35:38'),
(706, 1, 12, '39', 'Edit Admin Module Page::39', '::1', '2017-10-03 09:35:38', '2017-10-03 09:35:38'),
(707, 1, 2, '1', 'Logout Admin User', '::1', '2017-10-03 09:35:45', '2017-10-03 09:35:45'),
(708, 1, 1, '1', 'Login Admin User', '::1', '2017-10-03 09:35:54', '2017-10-03 09:35:54'),
(709, 1, 13, '20', 'Delete Admin Module Page::20', '::1', '2017-10-03 09:38:06', '2017-10-03 09:38:06'),
(710, 1, 13, '19', 'Delete Admin Module Page::19', '::1', '2017-10-03 09:38:08', '2017-10-03 09:38:08'),
(711, 1, 13, '18', 'Delete Admin Module Page::18', '::1', '2017-10-03 09:38:11', '2017-10-03 09:38:11'),
(712, 1, 13, '17', 'Delete Admin Module Page::17', '::1', '2017-10-03 09:38:15', '2017-10-03 09:38:15'),
(713, 1, 7, '39', 'Delete Admin Action::39', '::1', '2017-10-03 09:38:43', '2017-10-03 09:38:43'),
(714, 1, 2, '1', 'Logout Admin User', '::1', '2017-10-03 09:42:43', '2017-10-03 09:42:43'),
(715, 1, 1, '1', 'Login Admin User', '::1', '2017-10-03 09:42:54', '2017-10-03 09:42:54'),
(716, 1, 14, '1', 'Update Rights ::1', '::1', '2017-10-03 09:43:33', '2017-10-03 09:43:33'),
(717, 1, 2, '1', 'Logout Admin User', '::1', '2017-10-03 09:56:49', '2017-10-03 09:56:49'),
(718, 1, 1, '1', 'Login Admin User', '::1', '2017-10-03 09:56:58', '2017-10-03 09:56:58'),
(719, 1, 12, '21', 'Edit Admin Module Page::21', '::1', '2017-10-03 10:04:28', '2017-10-03 10:04:28'),
(720, 1, 2, '1', 'Logout Admin User', '::1', '2017-10-03 10:04:47', '2017-10-03 10:04:47'),
(721, 1, 1, '1', 'Login Admin User', '::1', '2017-10-03 10:04:56', '2017-10-03 10:04:56'),
(722, 1, 13, '16', 'Delete Admin Module Page::16', '::1', '2017-10-03 10:06:34', '2017-10-03 10:06:34'),
(723, 1, 13, '15', 'Delete Admin Module Page::15', '::1', '2017-10-03 10:06:38', '2017-10-03 10:06:38'),
(724, 1, 13, '14', 'Delete Admin Module Page::14', '::1', '2017-10-03 10:06:42', '2017-10-03 10:06:42'),
(725, 1, 13, '13', 'Delete Admin Module Page::13', '::1', '2017-10-03 10:06:45', '2017-10-03 10:06:45'),
(726, 1, 17, '3', 'Delete Admin Module::3', '::1', '2017-10-03 10:07:02', '2017-10-03 10:07:02'),
(727, 1, 15, '7', 'Add Admin Module::7', '::1', '2017-10-03 10:07:32', '2017-10-03 10:07:32'),
(728, 1, 15, '8', 'Add Admin Module::8', '::1', '2017-10-03 10:07:54', '2017-10-03 10:07:54'),
(729, 1, 2, '1', 'Logout Admin User', '::1', '2017-10-03 10:09:04', '2017-10-03 10:09:04'),
(730, 1, 1, '1', 'Login Admin User', '::1', '2017-10-03 10:09:18', '2017-10-03 10:09:18'),
(731, 1, 11, '53', 'Add Admin Models Page ::53', '::1', '2017-10-03 10:10:11', '2017-10-03 10:10:11'),
(732, 1, 12, '53', 'Edit Admin Module Page::53', '::1', '2017-10-03 10:10:30', '2017-10-03 10:10:30'),
(733, 1, 11, '54', 'Add Admin Models Page ::54', '::1', '2017-10-03 10:11:03', '2017-10-03 10:11:03'),
(734, 1, 12, '54', 'Edit Admin Module Page::54', '::1', '2017-10-03 10:11:17', '2017-10-03 10:11:17'),
(735, 1, 11, '55', 'Add Admin Models Page ::55', '::1', '2017-10-03 10:11:48', '2017-10-03 10:11:48'),
(736, 1, 12, '55', 'Edit Admin Module Page::55', '::1', '2017-10-03 10:12:05', '2017-10-03 10:12:05'),
(737, 1, 11, '56', 'Add Admin Models Page ::56', '::1', '2017-10-03 10:12:35', '2017-10-03 10:12:35'),
(738, 1, 12, '56', 'Edit Admin Module Page::56', '::1', '2017-10-03 10:12:52', '2017-10-03 10:12:52'),
(739, 1, 2, '1', 'Logout Admin User', '::1', '2017-10-03 10:13:06', '2017-10-03 10:13:06'),
(740, 1, 1, '1', 'Login Admin User', '::1', '2017-10-03 10:13:17', '2017-10-03 10:13:17'),
(741, 1, 14, '1', 'Update Rights ::1', '::1', '2017-10-03 10:13:58', '2017-10-03 10:13:58'),
(742, 1, 2, '1', 'Logout Admin User', '::1', '2017-10-03 10:14:02', '2017-10-03 10:14:02'),
(743, 1, 1, '1', 'Login Admin User', '::1', '2017-10-03 10:14:12', '2017-10-03 10:14:12'),
(744, 1, 2, '1', 'Logout Admin User', '::1', '2017-10-03 10:35:59', '2017-10-03 10:35:59'),
(745, 1, 1, '1', 'Login Admin User', '::1', '2017-10-03 10:36:14', '2017-10-03 10:36:14'),
(746, 1, 3, '1', 'Update Profile', '::1', '2017-10-03 10:48:46', '2017-10-03 10:48:46'),
(747, 1, 3, '1', 'Update Profile', '::1', '2017-10-03 10:49:56', '2017-10-03 10:49:56'),
(748, 1, 3, '1', 'Update Profile', '::1', '2017-10-03 10:51:08', '2017-10-03 10:51:08'),
(749, 1, 2, '1', 'Logout Admin User', '::1', '2017-10-03 10:52:13', '2017-10-03 10:52:13'),
(750, 1, 1, '1', 'Login Admin User', '::1', '2017-10-03 10:52:23', '2017-10-03 10:52:23'),
(751, 1, 3, '1', 'Update Profile', '::1', '2017-10-03 10:53:43', '2017-10-03 10:53:43'),
(752, 1, 3, '1', 'Update Profile', '::1', '2017-10-03 10:54:44', '2017-10-03 10:54:44'),
(753, 1, 2, '1', 'Logout Admin User', '::1', '2017-10-03 10:55:09', '2017-10-03 10:55:09'),
(754, 1, 1, '1', 'Login Admin User', '::1', '2017-10-03 10:55:18', '2017-10-03 10:55:18'),
(755, 1, 12, '35', 'Edit Admin Module Page::35', '::1', '2017-10-03 11:02:37', '2017-10-03 11:02:37'),
(756, 1, 18, '1', 'Add Project::1', '::1', '2017-10-03 11:21:16', '2017-10-03 11:21:16'),
(757, 1, 18, '2', 'Add Project::2', '::1', '2017-10-03 11:21:47', '2017-10-03 11:21:47'),
(758, 1, 18, '3', 'Add Project::3', '::1', '2017-10-03 11:22:04', '2017-10-03 11:22:04'),
(759, 1, 18, '4', 'Add Project::4', '::1', '2017-10-03 11:22:35', '2017-10-03 11:22:35'),
(760, 1, 18, '5', 'Add Project::5', '::1', '2017-10-03 11:22:56', '2017-10-03 11:22:56'),
(761, 1, 5, '40', 'Add Admin Action::40', '::1', '2017-10-03 11:28:33', '2017-10-03 11:28:33'),
(762, 1, 6, '40', 'Edit Admin Action::40', '::1', '2017-10-03 11:28:49', '2017-10-03 11:28:49'),
(763, 1, 5, '41', 'Add Admin Action::41', '::1', '2017-10-03 11:29:08', '2017-10-03 11:29:08'),
(764, 1, 6, '41', 'Edit Admin Action::41', '::1', '2017-10-03 11:29:25', '2017-10-03 11:29:25'),
(765, 1, 5, '42', 'Add Admin Action::42', '::1', '2017-10-03 11:29:40', '2017-10-03 11:29:40'),
(766, 1, 6, '42', 'Edit Admin Action::42', '::1', '2017-10-03 11:29:54', '2017-10-03 11:29:54'),
(767, 1, 2, '1', 'Logout Admin User', '::1', '2017-10-03 11:31:48', '2017-10-03 11:31:48'),
(768, 1, 1, '1', 'Login Admin User', '::1', '2017-10-03 11:31:59', '2017-10-03 11:31:59'),
(769, 1, 11, '57', 'Add Admin Models Page ::57', '::1', '2017-10-03 11:33:31', '2017-10-03 11:33:31'),
(770, 1, 12, '57', 'Edit Admin Module Page::57', '::1', '2017-10-03 11:33:55', '2017-10-03 11:33:55'),
(771, 1, 11, '58', 'Add Admin Models Page ::58', '::1', '2017-10-03 11:34:53', '2017-10-03 11:34:53'),
(772, 1, 12, '58', 'Edit Admin Module Page::58', '::1', '2017-10-03 11:35:56', '2017-10-03 11:35:56'),
(773, 1, 11, '59', 'Add Admin Models Page ::59', '::1', '2017-10-03 11:36:28', '2017-10-03 11:36:28'),
(774, 1, 12, '59', 'Edit Admin Module Page::59', '::1', '2017-10-03 11:36:47', '2017-10-03 11:36:47'),
(775, 1, 11, '60', 'Add Admin Models Page ::60', '::1', '2017-10-03 11:37:21', '2017-10-03 11:37:21'),
(776, 1, 12, '60', 'Edit Admin Module Page::60', '::1', '2017-10-03 11:37:39', '2017-10-03 11:37:39'),
(777, 1, 5, '43', 'Add Admin Action::43', '::1', '2017-10-03 11:44:12', '2017-10-03 11:44:12'),
(778, 1, 6, '43', 'Edit Admin Action::43', '::1', '2017-10-03 11:44:26', '2017-10-03 11:44:26'),
(779, 1, 5, '44', 'Add Admin Action::44', '::1', '2017-10-03 11:44:49', '2017-10-03 11:44:49'),
(780, 1, 6, '44', 'Edit Admin Action::44', '::1', '2017-10-03 11:45:03', '2017-10-03 11:45:03'),
(781, 1, 5, '45', 'Add Admin Action::45', '::1', '2017-10-03 11:45:22', '2017-10-03 11:45:22'),
(782, 1, 6, '45', 'Edit Admin Action::45', '::1', '2017-10-03 11:45:37', '2017-10-03 11:45:37'),
(783, 1, 2, '1', 'Logout Admin User', '::1', '2017-10-03 11:46:29', '2017-10-03 11:46:29'),
(784, 1, 1, '1', 'Login Admin User', '::1', '2017-10-03 11:46:40', '2017-10-03 11:46:40'),
(785, 1, 14, '1', 'Update Rights ::1', '::1', '2017-10-03 11:49:26', '2017-10-03 11:49:26'),
(786, 1, 2, '1', 'Logout Admin User', '::1', '2017-10-03 11:49:34', '2017-10-03 11:49:34'),
(787, 1, 1, '1', 'Login Admin User', '::1', '2017-10-03 11:49:45', '2017-10-03 11:49:45'),
(788, 1, 19, '5', 'Edit Project::5', '::1', '2017-10-03 12:27:32', '2017-10-03 12:27:32'),
(789, 1, 1, '1', 'Login Admin User', '::1', '2017-10-04 04:14:28', '2017-10-04 04:14:28'),
(790, 1, 14, '1', 'Update Rights ::1', '::1', '2017-10-04 04:23:29', '2017-10-04 04:23:29'),
(791, 1, 33, '', 'Add Leave Request::', '::1', '2017-10-04 04:44:55', '2017-10-04 04:44:55'),
(792, 1, 33, '', 'Add Leave Request::', '::1', '2017-10-04 04:57:04', '2017-10-04 04:57:04'),
(793, 1, 1, '1', 'Login Admin User', '::1', '2017-10-04 09:40:18', '2017-10-04 09:40:18'),
(794, 1, 33, '1', 'Add Leave Request::1', '::1', '2017-10-04 09:43:46', '2017-10-04 09:43:46'),
(795, 1, 33, '2', 'Add Leave Request::2', '::1', '2017-10-04 11:08:54', '2017-10-04 11:08:54'),
(796, 1, 33, '3', 'Add Leave Request::3', '::1', '2017-10-04 11:10:38', '2017-10-04 11:10:38'),
(797, 1, 34, '3', 'Edit Leave Request::3', '::1', '2017-10-04 11:14:53', '2017-10-04 11:14:53'),
(798, 1, 34, '3', 'Edit Leave Request::3', '::1', '2017-10-04 11:15:41', '2017-10-04 11:15:41'),
(799, 1, 34, '3', 'Edit Leave Request::3', '::1', '2017-10-04 11:16:19', '2017-10-04 11:16:19'),
(800, 1, 33, '4', 'Add Leave Request::4', '::1', '2017-10-04 11:18:08', '2017-10-04 11:18:08'),
(801, 1, 33, '2', 'Add Leave Request::2', '::1', '2017-10-04 12:12:19', '2017-10-04 12:12:19'),
(802, 1, 33, '3', 'Add Leave Request::3', '::1', '2017-10-04 12:18:58', '2017-10-04 12:18:58'),
(803, 1, 33, '4', 'Add Leave Request::4', '::1', '2017-10-04 12:23:24', '2017-10-04 12:23:24'),
(804, 1, 33, '5', 'Add Leave Request::5', '::1', '2017-10-04 12:29:56', '2017-10-04 12:29:56'),
(805, 1, 34, '2', 'Edit Leave Request::2', '::1', '2017-10-04 12:35:11', '2017-10-04 12:35:11'),
(806, 1, 34, '1', 'Edit Leave Request::1', '::1', '2017-10-04 12:37:48', '2017-10-04 12:37:48'),
(807, 1, 34, '2', 'Edit Leave Request::2', '::1', '2017-10-04 12:39:50', '2017-10-04 12:39:50'),
(808, 1, 34, '4', 'Edit Leave Request::4', '::1', '2017-10-04 12:42:01', '2017-10-04 12:42:01'),
(809, 1, 34, '3', 'Edit Leave Request::3', '::1', '2017-10-04 12:42:38', '2017-10-04 12:42:38'),
(810, 1, 11, '1', 'Add Client ::1', '::1', '2017-10-04 13:35:05', '2017-10-04 13:35:05'),
(811, 1, 12, '1', 'Edit Clients::1', '::1', '2017-10-04 13:40:46', '2017-10-04 13:40:46'),
(812, 1, 12, '1', 'Edit Clients::1', '::1', '2017-10-04 13:40:46', '2017-10-04 13:40:46'),
(813, 1, 2, '1', 'Logout Admin User', '::1', '2017-10-04 13:45:03', '2017-10-04 13:45:03'),
(814, 1, 1, '1', 'Login Admin User', '::1', '2017-10-04 13:45:20', '2017-10-04 13:45:20'),
(815, 1, 1, '1', 'Login Admin User', '::1', '2017-10-05 04:13:33', '2017-10-05 04:13:33'),
(816, 1, 35, '1', 'Edit Clients::1', '::1', '2017-10-05 04:22:00', '2017-10-05 04:22:00'),
(817, 1, 35, '2', 'Add Client ::2', '::1', '2017-10-05 04:24:27', '2017-10-05 04:24:27'),
(818, 1, 11, '47', 'Add Admin Models Page ::47', '::1', '2017-10-05 04:25:52', '2017-10-05 04:25:52'),
(819, 1, 11, '48', 'Add Admin Models Page ::48', '::1', '2017-10-05 04:26:32', '2017-10-05 04:26:32'),
(820, 1, 11, '49', 'Add Admin Models Page ::49', '::1', '2017-10-05 04:27:08', '2017-10-05 04:27:08'),
(821, 1, 11, '50', 'Add Admin Models Page ::50', '::1', '2017-10-05 04:28:19', '2017-10-05 04:28:19'),
(822, 1, 5, '36', 'Add Admin Action::36', '::1', '2017-10-05 04:29:07', '2017-10-05 04:29:07'),
(823, 1, 5, '37', 'Add Admin Action::37', '::1', '2017-10-05 04:29:30', '2017-10-05 04:29:30'),
(824, 1, 5, '38', 'Add Admin Action::38', '::1', '2017-10-05 04:30:12', '2017-10-05 04:30:12'),
(825, 1, 14, '1', 'Update Rights ::1', '::1', '2017-10-05 05:10:38', '2017-10-05 05:10:38'),
(826, 1, 2, '1', 'Logout Admin User', '::1', '2017-10-05 05:10:43', '2017-10-05 05:10:43'),
(827, 1, 1, '1', 'Login Admin User', '::1', '2017-10-05 05:11:04', '2017-10-05 05:11:04'),
(828, 1, 14, '1', 'Update Rights ::1', '::1', '2017-10-05 07:15:47', '2017-10-05 07:15:47'),
(829, 1, 12, '35', 'Edit Admin Module Page::35', '::1', '2017-10-05 07:17:19', '2017-10-05 07:17:19'),
(830, 1, 2, '1', 'Logout Admin User', '::1', '2017-10-05 07:17:30', '2017-10-05 07:17:30'),
(831, 1, 1, '1', 'Login Admin User', '::1', '2017-10-05 07:17:40', '2017-10-05 07:17:40'),
(832, 1, 12, '36', 'Edit Admin Module Page::36', '::1', '2017-10-05 07:21:49', '2017-10-05 07:21:49'),
(833, 1, 12, '37', 'Edit Admin Module Page::37', '::1', '2017-10-05 07:22:59', '2017-10-05 07:22:59'),
(834, 1, 12, '38', 'Edit Admin Module Page::38', '::1', '2017-10-05 07:23:34', '2017-10-05 07:23:34'),
(835, 1, 12, '38', 'Edit Admin Module Page::38', '::1', '2017-10-05 07:23:34', '2017-10-05 07:23:34'),
(836, 1, 14, '1', 'Update Rights ::1', '::1', '2017-10-05 07:26:09', '2017-10-05 07:26:09'),
(837, 1, 2, '1', 'Logout Admin User', '::1', '2017-10-05 07:26:13', '2017-10-05 07:26:13'),
(838, 1, 1, '1', 'Login Admin User', '::1', '2017-10-05 07:26:24', '2017-10-05 07:26:24'),
(839, 1, 2, '1', 'Logout Admin User', '::1', '2017-10-05 08:01:32', '2017-10-05 08:01:32'),
(840, 2, 1, '2', 'Login Admin User', '::1', '2017-10-05 08:01:50', '2017-10-05 08:01:50'),
(841, 2, 2, '2', 'Logout Admin User', '::1', '2017-10-05 08:02:06', '2017-10-05 08:02:06'),
(842, 1, 1, '1', 'Login Admin User', '::1', '2017-10-05 08:37:42', '2017-10-05 08:37:42'),
(843, 1, 14, '3', 'Update Rights ::3', '::1', '2017-10-05 08:51:27', '2017-10-05 08:51:27'),
(844, 1, 2, '1', 'Logout Admin User', '::1', '2017-10-05 08:51:36', '2017-10-05 08:51:36'),
(845, 2, 1, '2', 'Login Admin User', '::1', '2017-10-05 08:52:25', '2017-10-05 08:52:25'),
(846, 2, 2, '2', 'Logout Admin User', '::1', '2017-10-05 08:54:20', '2017-10-05 08:54:20'),
(847, 1, 1, '1', 'Login Admin User', '::1', '2017-10-05 08:54:34', '2017-10-05 08:54:34'),
(848, 1, 34, '2', 'Edit Leave Request::2', '::1', '2017-10-05 12:00:52', '2017-10-05 12:00:52'),
(849, 1, 34, '4', 'Edit Leave Request::4', '::1', '2017-10-05 12:05:48', '2017-10-05 12:05:48'),
(850, 1, 34, '1', 'Edit Leave Request::1', '::1', '2017-10-05 12:06:08', '2017-10-05 12:06:08'),
(851, 1, 2, '1', 'Logout Admin User', '::1', '2017-10-05 12:15:13', '2017-10-05 12:15:13'),
(852, 2, 1, '2', 'Login Admin User', '::1', '2017-10-05 12:15:28', '2017-10-05 12:15:28'),
(853, 2, 2, '2', 'Logout Admin User', '::1', '2017-10-05 12:19:05', '2017-10-05 12:19:05'),
(854, 2, 1, '2', 'Login Admin User', '::1', '2017-10-05 12:19:19', '2017-10-05 12:19:19'),
(855, 2, 2, '2', 'Logout Admin User', '::1', '2017-10-05 12:26:15', '2017-10-05 12:26:15'),
(856, 1, 1, '1', 'Login Admin User', '::1', '2017-10-05 12:26:29', '2017-10-05 12:26:29'),
(857, 1, 14, '3', 'Update Rights ::3', '::1', '2017-10-05 12:27:12', '2017-10-05 12:27:12'),
(858, 1, 2, '1', 'Logout Admin User', '::1', '2017-10-05 12:27:18', '2017-10-05 12:27:18'),
(859, 2, 1, '2', 'Login Admin User', '::1', '2017-10-05 12:27:55', '2017-10-05 12:27:55'),
(860, 2, 2, '2', 'Logout Admin User', '::1', '2017-10-05 12:30:18', '2017-10-05 12:30:18'),
(861, 1, 1, '1', 'Login Admin User', '::1', '2017-10-05 12:30:31', '2017-10-05 12:30:31'),
(862, 1, 2, '1', 'Logout Admin User', '::1', '2017-10-05 12:50:08', '2017-10-05 12:50:08'),
(863, 2, 1, '2', 'Login Admin User', '::1', '2017-10-05 12:50:22', '2017-10-05 12:50:22'),
(864, 2, 2, '2', 'Logout Admin User', '::1', '2017-10-05 12:55:50', '2017-10-05 12:55:50'),
(865, 1, 1, '1', 'Login Admin User', '::1', '2017-10-05 12:56:05', '2017-10-05 12:56:05'),
(866, 1, 2, '1', 'Logout Admin User', '::1', '2017-10-05 12:56:45', '2017-10-05 12:56:45'),
(867, 2, 1, '2', 'Login Admin User', '::1', '2017-10-05 12:57:02', '2017-10-05 12:57:02'),
(868, 2, 2, '2', 'Logout Admin User', '::1', '2017-10-05 13:00:25', '2017-10-05 13:00:25'),
(869, 2, 1, '2', 'Login Admin User', '::1', '2017-10-05 13:00:48', '2017-10-05 13:00:48'),
(870, 2, 2, '2', 'Logout Admin User', '::1', '2017-10-05 13:02:17', '2017-10-05 13:02:17'),
(871, 1, 1, '1', 'Login Admin User', '::1', '2017-10-05 13:02:29', '2017-10-05 13:02:29'),
(872, 1, 2, '1', 'Logout Admin User', '::1', '2017-10-05 13:02:50', '2017-10-05 13:02:50'),
(873, 2, 1, '2', 'Login Admin User', '::1', '2017-10-05 13:03:04', '2017-10-05 13:03:04'),
(874, 1, 1, '1', 'Login Admin User', '::1', '2017-10-06 04:03:19', '2017-10-06 04:03:19'),
(875, 1, 2, '1', 'Logout Admin User', '::1', '2017-10-06 04:27:29', '2017-10-06 04:27:29'),
(876, 2, 1, '2', 'Login Admin User', '::1', '2017-10-06 04:27:42', '2017-10-06 04:27:42'),
(877, 2, 2, '2', 'Logout Admin User', '::1', '2017-10-06 04:36:24', '2017-10-06 04:36:24'),
(878, 1, 1, '1', 'Login Admin User', '::1', '2017-10-06 04:36:37', '2017-10-06 04:36:37'),
(879, 1, 36, '3', 'Add Client ::3', '::1', '2017-10-06 04:38:00', '2017-10-06 04:38:00'),
(880, 1, 36, '4', 'Add Client ::4', '::1', '2017-10-06 04:38:44', '2017-10-06 04:38:44'),
(881, 1, 18, '1', 'Add Project::1', '::1', '2017-10-06 04:59:17', '2017-10-06 04:59:17'),
(882, 1, 18, '2', 'Add Project::2', '::1', '2017-10-06 04:59:55', '2017-10-06 04:59:55'),
(883, 1, 18, '3', 'Add Project::3', '::1', '2017-10-06 05:01:22', '2017-10-06 05:01:22'),
(884, 1, 18, '4', 'Add Project::4', '::1', '2017-10-06 05:02:17', '2017-10-06 05:02:17'),
(885, 1, 18, '5', 'Add Project::5', '::1', '2017-10-06 05:02:51', '2017-10-06 05:02:51'),
(886, 1, 19, '4', 'Edit Project::4', '::1', '2017-10-06 05:03:04', '2017-10-06 05:03:04'),
(887, 1, 37, '1', 'Edit Clients::1', '::1', '2017-10-06 05:13:42', '2017-10-06 05:13:42'),
(888, 1, 37, '2', 'Edit Clients::2', '::1', '2017-10-06 05:14:02', '2017-10-06 05:14:02'),
(889, 1, 37, '2', 'Edit Clients::2', '::1', '2017-10-06 05:14:02', '2017-10-06 05:14:02'),
(890, 1, 37, '3', 'Edit Clients::3', '::1', '2017-10-06 05:14:17', '2017-10-06 05:14:17'),
(891, 1, 37, '4', 'Edit Clients::4', '::1', '2017-10-06 05:14:52', '2017-10-06 05:14:52'),
(892, 1, 37, '4', 'Edit Clients::4', '::1', '2017-10-06 05:14:53', '2017-10-06 05:14:53'),
(893, 1, 36, '5', 'Add Client ::5', '::1', '2017-10-06 05:19:59', '2017-10-06 05:19:59'),
(894, 1, 38, '5', 'Delete Client::5', '::1', '2017-10-06 05:20:13', '2017-10-06 05:20:13'),
(895, 1, 1, '1', 'Login Admin User', '::1', '2017-10-09 04:17:05', '2017-10-09 04:17:05'),
(896, 1, 2, '1', 'Logout Admin User', '::1', '2017-10-09 04:22:41', '2017-10-09 04:22:41'),
(897, 2, 1, '2', 'Login Admin User', '::1', '2017-10-09 04:22:53', '2017-10-09 04:22:53'),
(898, 2, 2, '2', 'Logout Admin User', '::1', '2017-10-09 04:35:37', '2017-10-09 04:35:37'),
(899, 1, 1, '1', 'Login Admin User', '::1', '2017-10-09 04:46:17', '2017-10-09 04:46:17'),
(900, 1, 2, '1', 'Logout Admin User', '::1', '2017-10-09 05:06:15', '2017-10-09 05:06:15'),
(901, 2, 1, '2', 'Login Admin User', '::1', '2017-10-09 05:06:41', '2017-10-09 05:06:41'),
(902, 2, 33, '6', 'Add Leave Request::6', '::1', '2017-10-09 05:31:57', '2017-10-09 05:31:57'),
(903, 2, 2, '2', 'Logout Admin User', '::1', '2017-10-09 05:34:14', '2017-10-09 05:34:14'),
(904, 1, 1, '1', 'Login Admin User', '::1', '2017-10-09 05:34:27', '2017-10-09 05:34:27'),
(905, 1, 1, '1', 'Login Admin User', '::1', '2017-10-09 07:00:38', '2017-10-09 07:00:38'),
(906, 1, 1, '1', 'Login Admin User', '::1', '2017-10-10 10:37:59', '2017-10-10 10:37:59'),
(907, 1, 33, '7', 'Add Client USer::7', '::1', '2017-10-10 11:24:29', '2017-10-10 11:24:29'),
(908, 1, 19, '6', 'Edit Client User::6', '::1', '2017-10-10 11:24:48', '2017-10-10 11:24:48'),
(909, 1, 20, '4', 'Delete Client User::4', '::1', '2017-10-10 11:25:17', '2017-10-10 11:25:17'),
(910, 1, 11, '51', 'Add Admin Models Page ::51', '::1', '2017-10-10 11:39:12', '2017-10-10 11:39:12'),
(911, 1, 11, '52', 'Add Admin Models Page ::52', '::1', '2017-10-10 11:39:48', '2017-10-10 11:39:48'),
(912, 1, 11, '53', 'Add Admin Models Page ::53', '::1', '2017-10-10 11:40:16', '2017-10-10 11:40:16'),
(913, 1, 11, '54', 'Add Admin Models Page ::54', '::1', '2017-10-10 11:40:58', '2017-10-10 11:40:58'),
(914, 1, 5, '39', 'Add Admin Action::39', '::1', '2017-10-10 11:41:56', '2017-10-10 11:41:56'),
(915, 1, 5, '40', 'Add Admin Action::40', '::1', '2017-10-10 11:42:11', '2017-10-10 11:42:11'),
(916, 1, 5, '41', 'Add Admin Action::41', '::1', '2017-10-10 11:42:23', '2017-10-10 11:42:23'),
(917, 1, 14, '1', 'Update Rights ::1', '::1', '2017-10-10 11:43:01', '2017-10-10 11:43:01'),
(918, 1, 14, '1', 'Update Rights ::1', '::1', '2017-10-10 11:43:01', '2017-10-10 11:43:01'),
(919, 1, 2, '1', 'Logout Admin User', '::1', '2017-10-10 11:43:05', '2017-10-10 11:43:05'),
(920, 1, 2, '1', 'Logout Admin User', '::1', '2017-10-10 11:43:05', '2017-10-10 11:43:05'),
(921, 1, 1, '1', 'Login Admin User', '::1', '2017-10-10 11:43:20', '2017-10-10 11:43:20'),
(922, 1, 1, '1', 'Login Admin User', '::1', '2017-10-11 04:32:21', '2017-10-11 04:32:21'),
(923, 1, 18, '6', 'Add Project::6', '::1', '2017-10-11 04:34:18', '2017-10-11 04:34:18'),
(924, 1, 19, '6', 'Edit Project::6', '::1', '2017-10-11 04:34:50', '2017-10-11 04:34:50'),
(925, 1, 33, '7', 'Add Leave Request::7', '::1', '2017-10-11 05:31:37', '2017-10-11 05:31:37'),
(926, 1, 33, '8', 'Add Leave Request::8', '::1', '2017-10-11 05:31:38', '2017-10-11 05:31:38'),
(927, 1, 11, '55', 'Add Admin Models Page ::55', '::1', '2017-10-11 06:10:08', '2017-10-11 06:10:08'),
(928, 1, 11, '56', 'Add Admin Models Page ::56', '::1', '2017-10-11 06:10:48', '2017-10-11 06:10:48'),
(929, 1, 11, '57', 'Add Admin Models Page ::57', '::1', '2017-10-11 06:11:18', '2017-10-11 06:11:18'),
(930, 1, 11, '58', 'Add Admin Models Page ::58', '::1', '2017-10-11 06:11:54', '2017-10-11 06:11:54'),
(931, 1, 12, '57', 'Edit Admin Module Page::57', '::1', '2017-10-11 06:12:12', '2017-10-11 06:12:12'),
(932, 1, 5, '42', 'Add Admin Action::42', '::1', '2017-10-11 06:13:18', '2017-10-11 06:13:18'),
(933, 1, 5, '43', 'Add Admin Action::43', '::1', '2017-10-11 06:13:34', '2017-10-11 06:13:34'),
(934, 1, 5, '44', 'Add Admin Action::44', '::1', '2017-10-11 06:13:51', '2017-10-11 06:13:51'),
(935, 1, 14, '1', 'Update Rights ::1', '::1', '2017-10-11 06:14:58', '2017-10-11 06:14:58'),
(936, 1, 2, '1', 'Logout Admin User', '::1', '2017-10-11 06:15:07', '2017-10-11 06:15:07'),
(937, 1, 1, '1', 'Login Admin User', '::1', '2017-10-11 06:15:27', '2017-10-11 06:15:27'),
(938, 1, 12, '55', 'Edit Admin Module Page::55', '::1', '2017-10-11 06:16:01', '2017-10-11 06:16:01'),
(939, 1, 2, '1', 'Logout Admin User', '::1', '2017-10-11 06:16:08', '2017-10-11 06:16:08'),
(940, 1, 1, '1', 'Login Admin User', '::1', '2017-10-11 06:16:19', '2017-10-11 06:16:19'),
(941, 1, 42, '1', 'Add Task::1', '::1', '2017-10-11 06:17:25', '2017-10-11 06:17:25'),
(942, 1, 14, '3', 'Update Rights ::3', '::1', '2017-10-11 06:20:54', '2017-10-11 06:20:54'),
(943, 1, 33, '15', 'Add Leave Request::15', '::1', '2017-10-11 06:51:09', '2017-10-11 06:51:09'),
(944, 1, 33, '16', 'Add Leave Request::16', '::1', '2017-10-11 06:54:42', '2017-10-11 06:54:42'),
(945, 1, 33, '18', 'Add Leave Request::18', '::1', '2017-10-11 07:02:08', '2017-10-11 07:02:08'),
(946, 1, 33, '17', 'Add Leave Request::17', '::1', '2017-10-11 07:02:08', '2017-10-11 07:02:08'),
(947, 1, 33, '32', 'Add Leave Request::32', '::1', '2017-10-11 10:35:30', '2017-10-11 10:35:30'),
(948, 1, 42, '1', 'Add Task::1', '::1', '2017-10-11 11:40:18', '2017-10-11 11:40:18'),
(949, 1, 42, '4', 'Add Task::4', '::1', '2017-10-11 11:59:48', '2017-10-11 11:59:48'),
(950, 1, 2, '1', 'Logout Admin User', '::1', '2017-10-11 12:00:01', '2017-10-11 12:00:01'),
(951, 2, 1, '2', 'Login Admin User', '::1', '2017-10-11 12:00:19', '2017-10-11 12:00:19'),
(952, 2, 42, '6', 'Add Task::6', '::1', '2017-10-11 12:02:14', '2017-10-11 12:02:14'),
(953, 2, 2, '2', 'Logout Admin User', '::1', '2017-10-11 12:02:45', '2017-10-11 12:02:45'),
(954, 1, 1, '1', 'Login Admin User', '::1', '2017-10-11 12:02:58', '2017-10-11 12:02:58'),
(955, 1, 2, '1', 'Logout Admin User', '::1', '2017-10-11 12:08:56', '2017-10-11 12:08:56'),
(956, 2, 1, '2', 'Login Admin User', '::1', '2017-10-11 12:09:11', '2017-10-11 12:09:11'),
(957, 2, 2, '2', 'Logout Admin User', '::1', '2017-10-11 12:16:35', '2017-10-11 12:16:35'),
(958, 1, 1, '1', 'Login Admin User', '::1', '2017-10-11 12:16:51', '2017-10-11 12:16:51'),
(959, 1, 2, '1', 'Logout Admin User', '::1', '2017-10-11 12:23:17', '2017-10-11 12:23:17'),
(960, 2, 1, '2', 'Login Admin User', '::1', '2017-10-11 12:23:31', '2017-10-11 12:23:31'),
(961, 2, 2, '2', 'Logout Admin User', '::1', '2017-10-11 12:25:35', '2017-10-11 12:25:35'),
(962, 1, 1, '1', 'Login Admin User', '::1', '2017-10-11 12:25:50', '2017-10-11 12:25:50'),
(963, 1, 1, '1', 'Login Admin User', '::1', '2017-10-12 04:18:31', '2017-10-12 04:18:31'),
(964, 1, 2, '1', 'Logout Admin User', '::1', '2017-10-12 04:34:56', '2017-10-12 04:34:56'),
(965, 2, 1, '2', 'Login Admin User', '::1', '2017-10-12 04:35:10', '2017-10-12 04:35:10'),
(966, 2, 2, '2', 'Logout Admin User', '::1', '2017-10-12 04:43:21', '2017-10-12 04:43:21'),
(967, 1, 1, '1', 'Login Admin User', '::1', '2017-10-12 04:43:38', '2017-10-12 04:43:38'),
(968, 1, 2, '1', 'Logout Admin User', '::1', '2017-10-12 04:56:23', '2017-10-12 04:56:23'),
(969, 1, 1, '1', 'Login Admin User', '::1', '2017-10-12 04:56:37', '2017-10-12 04:56:37'),
(970, 1, 33, '35', 'Add Leave Request::35', '::1', '2017-10-12 05:05:58', '2017-10-12 05:05:58'),
(971, 1, 12, '39', 'Edit Admin Module Page::39', '::1', '2017-10-12 05:30:50', '2017-10-12 05:30:50'),
(972, 1, 12, '21', 'Edit Admin Module Page::21', '::1', '2017-10-12 05:32:06', '2017-10-12 05:32:06'),
(973, 1, 12, '47', 'Edit Admin Module Page::47', '::1', '2017-10-12 05:32:54', '2017-10-12 05:32:54'),
(974, 1, 12, '51', 'Edit Admin Module Page::51', '::1', '2017-10-12 05:33:57', '2017-10-12 05:33:57'),
(975, 1, 12, '23', 'Edit Admin Module Page::23', '::1', '2017-10-12 05:34:54', '2017-10-12 05:34:54'),
(976, 1, 12, '44', 'Edit Admin Module Page::44', '::1', '2017-10-12 05:35:56', '2017-10-12 05:35:56'),
(977, 1, 12, '44', 'Edit Admin Module Page::44', '::1', '2017-10-12 05:36:18', '2017-10-12 05:36:18'),
(978, 1, 12, '44', 'Edit Admin Module Page::44', '::1', '2017-10-12 05:37:11', '2017-10-12 05:37:11'),
(979, 1, 12, '43', 'Edit Admin Module Page::43', '::1', '2017-10-12 05:37:49', '2017-10-12 05:37:49'),
(980, 1, 2, '1', 'Logout Admin User', '::1', '2017-10-12 05:45:21', '2017-10-12 05:45:21'),
(981, 1, 2, '1', 'Logout Admin User', '::1', '2017-10-12 05:45:21', '2017-10-12 05:45:21'),
(982, 2, 1, '2', 'Login Admin User', '::1', '2017-10-12 05:46:24', '2017-10-12 05:46:24'),
(983, 2, 2, '2', 'Logout Admin User', '::1', '2017-10-12 05:56:06', '2017-10-12 05:56:06'),
(984, 2, 1, '2', 'Login Admin User', '::1', '2017-10-12 05:56:44', '2017-10-12 05:56:44'),
(985, 2, 2, '2', 'Logout Admin User', '::1', '2017-10-12 06:08:39', '2017-10-12 06:08:39'),
(986, 1, 1, '1', 'Login Admin User', '::1', '2017-10-12 06:09:15', '2017-10-12 06:09:15'),
(987, 1, 12, '43', 'Edit Admin Module Page::43', '::1', '2017-10-12 06:10:19', '2017-10-12 06:10:19'),
(988, 1, 12, '44', 'Edit Admin Module Page::44', '::1', '2017-10-12 06:10:57', '2017-10-12 06:10:57'),
(989, 1, 2, '1', 'Logout Admin User', '::1', '2017-10-12 06:19:33', '2017-10-12 06:19:33'),
(990, 1, 1, '1', 'Login Admin User', '::1', '2017-10-12 06:19:48', '2017-10-12 06:19:48');
INSERT INTO `admin_logs` (`id`, `adminuserid`, `actionid`, `actionvalue`, `remark`, `ipaddress`, `created_at`, `updated_at`) VALUES
(991, 1, 33, '36', 'Add Leave Request::36', '::1', '2017-10-12 06:34:24', '2017-10-12 06:34:24'),
(992, 1, 2, '1', 'Logout Admin User', '::1', '2017-10-12 07:00:26', '2017-10-12 07:00:26'),
(993, 2, 1, '2', 'Login Admin User', '::1', '2017-10-12 07:00:44', '2017-10-12 07:00:44'),
(994, 2, 2, '2', 'Logout Admin User', '::1', '2017-10-12 07:02:27', '2017-10-12 07:02:27'),
(995, 1, 1, '1', 'Login Admin User', '::1', '2017-10-12 07:02:41', '2017-10-12 07:02:41'),
(996, 1, 42, '8', 'Add Task::8', '::1', '2017-10-12 07:23:11', '2017-10-12 07:23:11'),
(997, 1, 44, '1', 'Delete Task::1', '::1', '2017-10-12 07:46:47', '2017-10-12 07:46:47'),
(998, 1, 44, '3', 'Delete Task::3', '::1', '2017-10-12 07:46:52', '2017-10-12 07:46:52'),
(999, 1, 44, '6', 'Delete Task::6', '::1', '2017-10-12 07:46:56', '2017-10-12 07:46:56'),
(1000, 1, 44, '7', 'Delete Task::7', '::1', '2017-10-12 07:47:24', '2017-10-12 07:47:24'),
(1001, 1, 44, '8', 'Delete Task::8', '::1', '2017-10-12 07:47:40', '2017-10-12 07:47:40'),
(1002, 1, 44, '5', 'Delete Task::5', '::1', '2017-10-12 07:47:55', '2017-10-12 07:47:55'),
(1003, 1, 44, '4', 'Delete Task::4', '::1', '2017-10-12 07:47:58', '2017-10-12 07:47:58'),
(1004, 1, 44, '2', 'Delete Task::2', '::1', '2017-10-12 07:48:01', '2017-10-12 07:48:01'),
(1005, 1, 20, '6', 'Delete Project::6', '::1', '2017-10-12 07:49:40', '2017-10-12 07:49:40'),
(1006, 1, 20, '5', 'Delete Project::5', '::1', '2017-10-12 07:49:43', '2017-10-12 07:49:43'),
(1007, 1, 20, '4', 'Delete Project::4', '::1', '2017-10-12 07:49:47', '2017-10-12 07:49:47'),
(1008, 1, 20, '3', 'Delete Project::3', '::1', '2017-10-12 07:49:50', '2017-10-12 07:49:50'),
(1009, 1, 20, '2', 'Delete Project::2', '::1', '2017-10-12 07:49:54', '2017-10-12 07:49:54'),
(1010, 1, 20, '1', 'Delete Project::1', '::1', '2017-10-12 07:50:12', '2017-10-12 07:50:12'),
(1011, 1, 35, '33', 'Delete Leave Request::33', '::1', '2017-10-12 07:55:52', '2017-10-12 07:55:52'),
(1012, 1, 2, '1', 'Logout Admin User', '::1', '2017-10-12 09:08:24', '2017-10-12 09:08:24'),
(1013, 1, 1, '1', 'Login Admin User', '::1', '2017-10-12 09:13:44', '2017-10-12 09:13:44'),
(1014, 1, 36, '1', 'Add Client ::1', '::1', '2017-10-12 09:43:09', '2017-10-12 09:43:09'),
(1015, 1, 18, '1', 'Add Project::1', '::1', '2017-10-12 10:01:12', '2017-10-12 10:01:12'),
(1016, 1, 42, '3', 'Add Task::3', '::1', '2017-10-12 10:05:56', '2017-10-12 10:05:56'),
(1017, 1, 2, '1', 'Logout Admin User', '::1', '2017-10-12 10:06:30', '2017-10-12 10:06:30'),
(1018, 2, 1, '2', 'Login Admin User', '::1', '2017-10-12 10:06:47', '2017-10-12 10:06:47'),
(1019, 2, 42, '6', 'Add Task::6', '::1', '2017-10-12 10:09:14', '2017-10-12 10:09:14'),
(1020, 2, 2, '2', 'Logout Admin User', '::1', '2017-10-12 10:10:07', '2017-10-12 10:10:07'),
(1021, 1, 1, '1', 'Login Admin User', '::1', '2017-10-12 10:10:22', '2017-10-12 10:10:22'),
(1022, 1, 33, '37', 'Add Leave Request::37', '::1', '2017-10-12 12:22:26', '2017-10-12 12:22:26'),
(1023, 1, 34, '37', 'Edit Leave Request::37', '::1', '2017-10-12 12:23:40', '2017-10-12 12:23:40'),
(1024, 1, 37, '1', 'Edit Clients::1', '::1', '2017-10-12 12:24:56', '2017-10-12 12:24:56'),
(1025, 1, 33, '38', 'Add Leave Request::38', '::1', '2017-10-12 12:25:46', '2017-10-12 12:25:46'),
(1026, 1, 28, '2', 'Edit User::2', '::1', '2017-10-12 12:48:47', '2017-10-12 12:48:47'),
(1027, 1, 28, '2', 'Edit User::2', '::1', '2017-10-12 12:48:48', '2017-10-12 12:48:48'),
(1028, 1, 33, '39', 'Add Leave Request::39', '::1', '2017-10-12 12:49:54', '2017-10-12 12:49:54'),
(1029, 1, 33, '40', 'Add Leave Request::40', '::1', '2017-10-12 12:50:27', '2017-10-12 12:50:27'),
(1030, 1, 34, '38', 'Edit Leave Request::38', '::1', '2017-10-12 12:51:57', '2017-10-12 12:51:57'),
(1031, 1, 34, '38', 'Edit Leave Request::38', '::1', '2017-10-12 12:51:57', '2017-10-12 12:51:57'),
(1032, 1, 1, '1', 'Login Admin User', '::1', '2017-10-13 04:04:13', '2017-10-13 04:04:13'),
(1033, 1, 33, '41', 'Add Leave Request::41', '::1', '2017-10-13 04:14:20', '2017-10-13 04:14:20'),
(1034, 1, 28, '2', 'Edit User::2', '::1', '2017-10-13 04:24:21', '2017-10-13 04:24:21'),
(1035, 1, 18, '2', 'Add Project::2', '::1', '2017-10-13 04:43:44', '2017-10-13 04:43:44'),
(1036, 1, 42, '9', 'Add Task::9', '::1', '2017-10-13 04:44:51', '2017-10-13 04:44:51'),
(1037, 1, 44, '8', 'Delete Task::8', '::1', '2017-10-13 04:45:23', '2017-10-13 04:45:23'),
(1038, 1, 44, '6', 'Delete Task::6', '::1', '2017-10-13 04:45:27', '2017-10-13 04:45:27'),
(1039, 1, 42, '11', 'Add Task::11', '::1', '2017-10-13 04:49:55', '2017-10-13 04:49:55'),
(1040, 1, 2, '1', 'Logout Admin User', '::1', '2017-10-13 05:10:03', '2017-10-13 05:10:03'),
(1041, 2, 1, '2', 'Login Admin User', '::1', '2017-10-13 05:11:00', '2017-10-13 05:11:00'),
(1042, 2, 2, '2', 'Logout Admin User', '::1', '2017-10-13 05:11:44', '2017-10-13 05:11:44'),
(1043, 1, 1, '1', 'Login Admin User', '::1', '2017-10-13 05:12:21', '2017-10-13 05:12:21'),
(1044, 1, 33, '42', 'Add Leave Request::42', '::1', '2017-10-13 05:13:16', '2017-10-13 05:13:16'),
(1045, 1, 42, '12', 'Add Task::12', '::1', '2017-10-13 05:25:57', '2017-10-13 05:25:57'),
(1046, 1, 2, '1', 'Logout Admin User', '::1', '2017-10-13 05:28:13', '2017-10-13 05:28:13'),
(1047, 2, 1, '2', 'Login Admin User', '::1', '2017-10-13 05:28:32', '2017-10-13 05:28:32'),
(1048, 2, 2, '2', 'Logout Admin User', '::1', '2017-10-13 05:34:58', '2017-10-13 05:34:58'),
(1049, 1, 1, '1', 'Login Admin User', '::1', '2017-10-13 05:35:17', '2017-10-13 05:35:17'),
(1050, 1, 16, '7', 'Edit Admin Module::7', '::1', '2017-10-13 05:36:14', '2017-10-13 05:36:14'),
(1051, 1, 2, '1', 'Logout Admin User', '::1', '2017-10-13 05:36:22', '2017-10-13 05:36:22'),
(1052, 1, 1, '1', 'Login Admin User', '::1', '2017-10-13 05:36:33', '2017-10-13 05:36:33'),
(1053, 1, 12, '56', 'Edit Admin Module Page::56', '::1', '2017-10-13 05:38:15', '2017-10-13 05:38:15'),
(1054, 1, 12, '55', 'Edit Admin Module Page::55', '::1', '2017-10-13 05:39:25', '2017-10-13 05:39:25'),
(1055, 1, 2, '1', 'Logout Admin User', '::1', '2017-10-13 05:39:46', '2017-10-13 05:39:46'),
(1056, 1, 1, '1', 'Login Admin User', '::1', '2017-10-13 05:39:59', '2017-10-13 05:39:59'),
(1057, 1, 2, '1', 'Logout Admin User', '::1', '2017-10-13 05:40:57', '2017-10-13 05:40:57'),
(1058, 1, 1, '1', 'Login Admin User', '::1', '2017-10-13 05:41:11', '2017-10-13 05:41:11'),
(1059, 1, 2, '1', 'Logout Admin User', '::1', '2017-10-13 05:41:20', '2017-10-13 05:41:20'),
(1060, 2, 1, '2', 'Login Admin User', '::1', '2017-10-13 05:41:33', '2017-10-13 05:41:33'),
(1061, 2, 2, '2', 'Logout Admin User', '::1', '2017-10-13 05:42:00', '2017-10-13 05:42:00'),
(1062, 1, 1, '1', 'Login Admin User', '::1', '2017-10-13 05:42:15', '2017-10-13 05:42:15'),
(1063, 1, 2, '1', 'Logout Admin User', '::1', '2017-10-13 07:31:30', '2017-10-13 07:31:30'),
(1064, 1, 1, '1', 'Login Admin User', '::1', '2017-10-13 07:31:48', '2017-10-13 07:31:48'),
(1065, 1, 14, '1', 'Update Rights ::1', '::1', '2017-10-13 07:34:35', '2017-10-13 07:34:35'),
(1066, 1, 2, '1', 'Logout Admin User', '::1', '2017-10-13 07:34:42', '2017-10-13 07:34:42'),
(1067, 1, 1, '1', 'Login Admin User', '::1', '2017-10-13 07:34:55', '2017-10-13 07:34:55'),
(1068, 1, 2, '1', 'Logout Admin User', '::1', '2017-10-13 08:46:31', '2017-10-13 08:46:31'),
(1069, 1, 1, '1', 'Login Admin User', '::1', '2017-10-13 08:46:46', '2017-10-13 08:46:46'),
(1070, 1, 27, '3', 'Add User::3', '::1', '2017-10-13 08:53:09', '2017-10-13 08:53:09'),
(1071, 1, 43, '', 'Edit Tasks::', '::1', '2017-10-13 09:30:30', '2017-10-13 09:30:30'),
(1072, 1, 43, '9', 'Edit Tasks::9', '::1', '2017-10-13 09:36:50', '2017-10-13 09:36:50'),
(1073, 1, 44, '10', 'Delete Task::10', '::1', '2017-10-13 09:37:57', '2017-10-13 09:37:57'),
(1074, 1, 33, '43', 'Add Leave Request::43', '::1', '2017-10-13 11:06:25', '2017-10-13 11:06:25'),
(1075, 1, 33, '44', 'Add Leave Request::44', '::1', '2017-10-13 11:08:20', '2017-10-13 11:08:20'),
(1076, 1, 33, '45', 'Add Leave Request::45', '::1', '2017-10-13 11:09:43', '2017-10-13 11:09:43'),
(1077, 1, 33, '46', 'Add Leave Request::46', '::1', '2017-10-13 12:30:20', '2017-10-13 12:30:20'),
(1078, 1, 1, '1', 'Login Admin User', '::1', '2017-10-14 04:02:01', '2017-10-14 04:02:01'),
(1079, 1, 35, '42', 'Delete Leave Request::42', '::1', '2017-10-14 06:45:12', '2017-10-14 06:45:12'),
(1080, 1, 35, '44', 'Delete Leave Request::44', '::1', '2017-10-14 06:45:31', '2017-10-14 06:45:31'),
(1081, 1, 42, '13', 'Add Task::13', '::1', '2017-10-14 07:16:21', '2017-10-14 07:16:21'),
(1082, 1, 2, '1', 'Logout Admin User', '::1', '2017-10-14 07:28:58', '2017-10-14 07:28:58'),
(1083, 2, 1, '2', 'Login Admin User', '::1', '2017-10-14 07:29:10', '2017-10-14 07:29:10'),
(1084, 2, 2, '2', 'Logout Admin User', '::1', '2017-10-14 07:29:32', '2017-10-14 07:29:32'),
(1085, 1, 1, '1', 'Login Admin User', '::1', '2017-10-14 07:29:45', '2017-10-14 07:29:45'),
(1086, 1, 1, '1', 'Login Admin User', '::1', '2017-10-14 07:44:53', '2017-10-14 07:44:53'),
(1087, 1, 2, '1', 'Logout Admin User', '::1', '2017-10-14 07:50:57', '2017-10-14 07:50:57'),
(1088, 2, 1, '2', 'Login Admin User', '::1', '2017-10-14 07:51:11', '2017-10-14 07:51:11'),
(1089, 2, 2, '2', 'Logout Admin User', '::1', '2017-10-14 07:55:39', '2017-10-14 07:55:39'),
(1090, 1, 1, '1', 'Login Admin User', '::1', '2017-10-14 07:56:05', '2017-10-14 07:56:05'),
(1091, 1, 3, '1', 'Update Profile', '::1', '2017-10-14 07:56:35', '2017-10-14 07:56:35'),
(1092, 1, 14, '3', 'Update Rights ::3', '::1', '2017-10-14 08:07:07', '2017-10-14 08:07:07'),
(1093, 1, 2, '1', 'Logout Admin User', '::1', '2017-10-14 08:07:12', '2017-10-14 08:07:12'),
(1094, 2, 1, '2', 'Login Admin User', '::1', '2017-10-14 08:07:23', '2017-10-14 08:07:23'),
(1095, 2, 42, '14', 'Add Task::14', '::1', '2017-10-14 08:55:57', '2017-10-14 08:55:57'),
(1096, 2, 43, '14', 'Edit Tasks::14', '::1', '2017-10-14 08:56:21', '2017-10-14 08:56:21'),
(1097, 2, 2, '2', 'Logout Admin User', '::1', '2017-10-14 08:57:16', '2017-10-14 08:57:16'),
(1098, 1, 1, '1', 'Login Admin User', '::1', '2017-10-14 08:57:29', '2017-10-14 08:57:29'),
(1099, 1, 2, '1', 'Logout Admin User', '::1', '2017-10-14 09:10:36', '2017-10-14 09:10:36'),
(1100, 1, 27, '4', 'Add User::4', '::1', '2017-10-14 11:02:24', '2017-10-14 11:02:24'),
(1101, 1, 27, '5', 'Add User::5', '::1', '2017-10-14 11:02:25', '2017-10-14 11:02:25'),
(1102, 1, 27, '6', 'Add User::6', '::1', '2017-10-14 11:32:07', '2017-10-14 11:32:07'),
(1103, 1, 27, '', 'Add User::', '::1', '2017-10-14 11:39:07', '2017-10-14 11:39:07'),
(1104, 1, 27, '', 'Add User::', '::1', '2017-10-14 11:40:08', '2017-10-14 11:40:08'),
(1105, 1, 27, '', 'Add User::', '::1', '2017-10-14 11:53:49', '2017-10-14 11:53:49'),
(1106, 1, 27, '7', 'Add User::7', '::1', '2017-10-14 11:55:19', '2017-10-14 11:55:19'),
(1107, 1, 27, '8', 'Add User::8', '::1', '2017-10-14 12:03:35', '2017-10-14 12:03:35'),
(1108, 1, 29, '8', 'Delete User::8', '::1', '2017-10-14 12:06:41', '2017-10-14 12:06:41'),
(1109, 1, 29, '7', 'Delete User::7', '::1', '2017-10-14 12:06:58', '2017-10-14 12:06:58'),
(1110, 1, 27, '9', 'Add User::9', '::1', '2017-10-14 12:10:20', '2017-10-14 12:10:20'),
(1111, 1, 28, '9', 'Edit User::9', '::1', '2017-10-14 12:28:06', '2017-10-14 12:28:06'),
(1112, 1, 28, '9', 'Edit User::9', '::1', '2017-10-14 12:28:39', '2017-10-14 12:28:39'),
(1113, 1, 3, '1', 'Update Profile', '::1', '2017-10-14 12:43:46', '2017-10-14 12:43:46'),
(1114, 1, 1, '1', 'Login Admin User', '::1', '2017-10-15 15:21:01', '2017-10-15 15:21:01'),
(1115, 1, 3, '1', 'Update Profile', '::1', '2017-10-15 15:30:31', '2017-10-15 15:30:31'),
(1116, 1, 3, '1', 'Update Profile', '::1', '2017-10-15 15:38:19', '2017-10-15 15:38:19'),
(1117, 1, 2, '1', 'Logout Admin User', '::1', '2017-10-15 15:50:11', '2017-10-15 15:50:11'),
(1118, 2, 1, '2', 'Login Admin User', '::1', '2017-10-15 15:50:27', '2017-10-15 15:50:27'),
(1119, 2, 2, '2', 'Logout Admin User', '::1', '2017-10-15 15:59:28', '2017-10-15 15:59:28'),
(1120, 1, 1, '1', 'Login Admin User', '::1', '2017-10-15 15:59:50', '2017-10-15 15:59:50'),
(1121, 1, 28, '9', 'Edit User::9', '::1', '2017-10-15 16:11:10', '2017-10-15 16:11:10'),
(1122, 1, 34, '43', 'Edit Leave Request::43', '::1', '2017-10-15 16:15:10', '2017-10-15 16:15:10'),
(1123, 1, 28, '9', 'Edit User::9', '::1', '2017-10-15 16:31:50', '2017-10-15 16:31:50'),
(1124, 1, 28, '2', 'Edit User::2', '::1', '2017-10-15 16:34:32', '2017-10-15 16:34:32'),
(1125, 1, 34, '46', 'Edit Leave Request::46', '::1', '2017-10-15 16:35:17', '2017-10-15 16:35:17'),
(1126, 1, 2, '1', 'Logout Admin User', '::1', '2017-10-15 16:38:27', '2017-10-15 16:38:27'),
(1127, 1, 1, '1', 'Login Admin User', '::1', '2017-10-16 03:56:47', '2017-10-16 03:56:47'),
(1128, 1, 3, '1', 'Update Profile', '::1', '2017-10-16 05:23:16', '2017-10-16 05:23:16'),
(1129, 1, 3, '1', 'Update Profile', '::1', '2017-10-16 05:30:14', '2017-10-16 05:30:14'),
(1130, 1, 3, '1', 'Update Profile', '::1', '2017-10-16 05:30:38', '2017-10-16 05:30:38'),
(1131, 1, 3, '1', 'Update Profile', '::1', '2017-10-16 05:30:38', '2017-10-16 05:30:38');

-- --------------------------------------------------------

--
-- Table structure for table `admin_user_rights`
--

CREATE TABLE `admin_user_rights` (
  `user_type_id` int(11) NOT NULL,
  `page_id` int(11) NOT NULL
) ENGINE=InnoDB DEFAULT CHARSET=utf8;

--
-- Dumping data for table `admin_user_rights`
--

INSERT INTO `admin_user_rights` (`user_type_id`, `page_id`) VALUES
(1, 39),
(1, 35),
(1, 36),
(1, 37),
(1, 38),
(1, 21),
(1, 40),
(1, 41),
(1, 42),
(1, 44),
(1, 43),
(1, 45),
(1, 46),
(1, 47),
(1, 24),
(1, 25),
(1, 26),
(1, 51),
(1, 48),
(1, 49),
(1, 50),
(1, 23),
(1, 52),
(1, 53),
(1, 54),
(1, 56),
(1, 55),
(1, 57),
(1, 58),
(1, 1),
(1, 2),
(1, 3),
(1, 4),
(1, 5),
(1, 9),
(1, 22),
(1, 6),
(1, 7),
(1, 8),
(1, 10),
(1, 11),
(1, 12),
(3, 44),
(3, 43),
(3, 56),
(3, 55),
(3, 57),
(3, 58);

-- --------------------------------------------------------

--
-- Table structure for table `admin_user_types`
--

CREATE TABLE `admin_user_types` (
  `id` int(11) NOT NULL,
  `title` varchar(255) NOT NULL
) ENGINE=InnoDB DEFAULT CHARSET=latin1;

--
-- Dumping data for table `admin_user_types`
--

INSERT INTO `admin_user_types` (`id`, `title`) VALUES
(1, 'Super Admin'),
(2, 'Admin'),
(3, 'Operator');

-- --------------------------------------------------------

--
-- Table structure for table `clients`
--

CREATE TABLE `clients` (
  `id` int(10) UNSIGNED NOT NULL,
  `name` varchar(255) COLLATE utf8_unicode_ci DEFAULT NULL,
  `email` varchar(255) COLLATE utf8_unicode_ci DEFAULT NULL,
  `phone` varchar(50) COLLATE utf8_unicode_ci DEFAULT NULL,
  `country` varchar(255) COLLATE utf8_unicode_ci DEFAULT NULL,
  `state` varchar(255) COLLATE utf8_unicode_ci DEFAULT NULL,
  `city` varchar(255) COLLATE utf8_unicode_ci DEFAULT NULL,
  `created_at` timestamp NULL DEFAULT NULL,
  `updated_at` timestamp NULL DEFAULT NULL
) ENGINE=InnoDB DEFAULT CHARSET=utf8 COLLATE=utf8_unicode_ci;

--
-- Dumping data for table `clients`
--

INSERT INTO `clients` (`id`, `name`, `email`, `phone`, `country`, `state`, `city`, `created_at`, `updated_at`) VALUES
(1, 'Test Client', 'client@gmail.com', '9723346637', 'india', 'gujarat', 'ahmedabad', '2017-10-12 04:13:09', '2017-10-12 04:13:09');

-- --------------------------------------------------------

--
-- Table structure for table `client_users`
--

CREATE TABLE `client_users` (
  `id` int(10) UNSIGNED NOT NULL,
  `client_id` int(10) UNSIGNED NOT NULL,
  `name` varchar(255) COLLATE utf8_unicode_ci DEFAULT NULL,
  `email` varchar(255) COLLATE utf8_unicode_ci DEFAULT NULL,
  `created_at` timestamp NULL DEFAULT NULL,
  `updated_at` timestamp NULL DEFAULT NULL
) ENGINE=InnoDB DEFAULT CHARSET=utf8 COLLATE=utf8_unicode_ci;

-- --------------------------------------------------------

--
-- Table structure for table `email_sent_logs`
--

CREATE TABLE `email_sent_logs` (
  `id` int(10) UNSIGNED NOT NULL,
  `to_email` varchar(255) COLLATE utf8_unicode_ci DEFAULT NULL,
  `cc_emails` varchar(255) COLLATE utf8_unicode_ci DEFAULT NULL,
  `bcc_emails` varchar(255) COLLATE utf8_unicode_ci DEFAULT NULL,
  `from_email` varchar(255) COLLATE utf8_unicode_ci DEFAULT NULL,
  `email_subject` varchar(255) COLLATE utf8_unicode_ci DEFAULT NULL,
  `email_body` text COLLATE utf8_unicode_ci,
  `mail_response` varchar(255) COLLATE utf8_unicode_ci DEFAULT NULL,
  `status` varchar(255) COLLATE utf8_unicode_ci DEFAULT NULL,
  `ip_address` varchar(255) COLLATE utf8_unicode_ci DEFAULT NULL,
  `is_mandrill` varchar(255) COLLATE utf8_unicode_ci DEFAULT NULL,
  `created_at` timestamp NULL DEFAULT NULL,
  `updated_at` timestamp NULL DEFAULT NULL
) ENGINE=InnoDB DEFAULT CHARSET=utf8 COLLATE=utf8_unicode_ci;

-- --------------------------------------------------------

--
-- Table structure for table `leave_requests`
--

CREATE TABLE `leave_requests` (
  `id` int(10) UNSIGNED NOT NULL,
  `user_id` int(10) UNSIGNED NOT NULL,
  `from_date` varchar(255) COLLATE utf8_unicode_ci DEFAULT NULL,
  `to_date` varchar(255) COLLATE utf8_unicode_ci DEFAULT NULL,
  `description` text COLLATE utf8_unicode_ci,
  `status` int(11) NOT NULL DEFAULT '0',
  `created_by` int(11) DEFAULT NULL,
  `created_at` timestamp NULL DEFAULT NULL,
  `updated_at` timestamp NULL DEFAULT NULL
) ENGINE=InnoDB DEFAULT CHARSET=utf8 COLLATE=utf8_unicode_ci;

--
-- Dumping data for table `leave_requests`
--

INSERT INTO `leave_requests` (`id`, `user_id`, `from_date`, `to_date`, `description`, `status`, `created_by`, `created_at`, `updated_at`) VALUES
(37, 1, '2017-10-03', '2017-10-04', 'gggggggg', 2, 1, '2017-10-12 06:52:26', '2017-10-14 02:28:08'),
(38, 2, '2017-10-11', '2017-10-11', 'description', 2, 1, '2017-10-12 06:55:45', '2017-10-13 02:07:27'),
(39, 2, '2017-10-12', '2017-10-12', 'dddddddddddddddddd', 1, 1, '2017-10-12 07:19:54', '2017-10-12 23:45:20'),
(40, 2, '2017-10-11', '2017-10-13', 'ssssssssssssss', 1, 1, '2017-10-12 07:20:27', '2017-10-14 02:27:37'),
(41, 2, '2017-10-13', '2017-10-14', 'jjjjk', 2, 1, '2017-10-12 22:44:20', '2017-10-13 02:14:50'),
(43, 9, '2017-10-01', '2017-10-12', 'kkkkkkkkkkkkk', 1, 1, '2017-10-13 05:36:24', '2017-10-15 10:45:09'),
(45, 2, '2017-10-04', '2017-10-07', 'bbbbbbbbbbbbbbbb', 2, 1, '2017-10-13 05:39:42', '2017-10-14 00:09:41'),
(46, 2, '2017-11-02', '2017-11-04', 'ddddddddddddddddd', 0, 1, '2017-10-13 07:00:20', '2017-10-15 11:05:17');

-- --------------------------------------------------------

--
-- Table structure for table `leave_request_details`
--

CREATE TABLE `leave_request_details` (
  `id` int(10) UNSIGNED NOT NULL,
  `leave_id` int(10) UNSIGNED NOT NULL,
  `date` datetime DEFAULT NULL,
  `is_half` varchar(255) COLLATE utf8_unicode_ci DEFAULT '0'
) ENGINE=InnoDB DEFAULT CHARSET=utf8 COLLATE=utf8_unicode_ci;

--
-- Dumping data for table `leave_request_details`
--

INSERT INTO `leave_request_details` (`id`, `leave_id`, `date`, `is_half`) VALUES
(156, 37, '2017-10-03 00:00:00', '1'),
(157, 37, '2017-10-04 00:00:00', '0'),
(161, 39, '2017-10-12 00:00:00', '0'),
(162, 40, '2017-10-11 00:00:00', '0'),
(163, 40, '2017-10-12 00:00:00', '0'),
(164, 40, '2017-10-13 00:00:00', '0'),
(166, 38, '2017-10-11 00:00:00', '0'),
(167, 41, '2017-10-13 00:00:00', '0'),
(168, 41, '2017-10-14 00:00:00', '0'),
(184, 45, '2017-10-04 00:00:00', '0'),
(185, 45, '2017-10-05 00:00:00', '0'),
(186, 45, '2017-10-06 00:00:00', '0'),
(187, 45, '2017-10-07 00:00:00', '0'),
(191, 43, '2017-10-01 00:00:00', '0'),
(192, 43, '2017-10-02 00:00:00', '0'),
(193, 43, '2017-10-03 00:00:00', '0'),
(194, 43, '2017-10-04 00:00:00', '0'),
(195, 43, '2017-10-05 00:00:00', '0'),
(196, 43, '2017-10-06 00:00:00', '0'),
(197, 43, '2017-10-07 00:00:00', '0'),
(198, 43, '2017-10-08 00:00:00', '0'),
(199, 43, '2017-10-09 00:00:00', '0'),
(200, 43, '2017-10-10 00:00:00', '0'),
(201, 43, '2017-10-11 00:00:00', '0'),
(202, 43, '2017-10-12 00:00:00', '1'),
(203, 46, '2017-11-02 00:00:00', '1'),
(204, 46, '2017-11-03 00:00:00', '0'),
(205, 46, '2017-11-04 00:00:00', '0');

-- --------------------------------------------------------

--
-- Table structure for table `migrations`
--

CREATE TABLE `migrations` (
  `id` int(10) UNSIGNED NOT NULL,
  `migration` varchar(255) COLLATE utf8_unicode_ci NOT NULL,
  `batch` int(11) NOT NULL
) ENGINE=InnoDB DEFAULT CHARSET=utf8 COLLATE=utf8_unicode_ci;

--
-- Dumping data for table `migrations`
--

INSERT INTO `migrations` (`id`, `migration`, `batch`) VALUES
(6, '2017_08_20_115043_create_admin_actions_table', 1),
(7, '2017_08_20_115043_create_admin_group_pages_table', 1),
(8, '2017_08_20_115043_create_admin_groups_table', 1),
(9, '2017_08_20_115043_create_admin_logs_table', 1),
(10, '2017_08_20_115043_create_admin_user_rights_table', 1),
(13, '2017_08_20_115043_create_password_resets_table', 1),
(15, '2017_08_20_115046_add_foreign_keys_to_admin_group_pages_table', 1),
(16, '2017_08_20_115046_add_foreign_keys_to_admin_groups_table', 1),
(17, '2017_08_20_115046_add_foreign_keys_to_admin_user_rights_table', 1),
(24, '2017_09_28_061603_Create_user_types_table', 4),
(29, '2017_08_20_115043_create_users_table', 5),
(31, '2017_10_01_093152_Add_foreign_key_to_users_table', 6),
(37, '2017_10_04_112804_Create_leave_requests_table', 8),
(38, '2017_10_04_112920_Create_leave_request_details_table', 8),
(39, '2017_10_04_113435_Alert_leave_requests_table', 8),
(40, '2017_10_04_113612_Alert_leave_request_details_table', 9),
(41, '2017_10_04_124954_create_clients_table', 10),
(42, '2017_10_05_073454_Alert_users_table', 11),
(43, '2017_10_06_042939_Create_client_users_table', 12),
(44, '2017_10_05_170628_create_projects_tbl', 13),
(45, '2017_10_06_043452_Add_foreign_key_to__projects_table', 14),
(49, '2017_10_11_110859_Create_email_sent_log', 17),
(50, '2017_10_11_112729_Create_Tasks_tbl', 18),
(51, '2017_10_11_112958_Add_foreign_key_to_Tasks_tbl', 19),
(52, '2017_10_13_075510_Add_status_users_tbl', 20),
(53, '2017_10_14_100836_Add_Image_column_to_users_tbl', 21);

-- --------------------------------------------------------

--
-- Table structure for table `password_resets`
--

CREATE TABLE `password_resets` (
  `email` varchar(255) COLLATE utf8_unicode_ci NOT NULL,
  `token` varchar(255) COLLATE utf8_unicode_ci NOT NULL,
  `created_at` timestamp NULL DEFAULT NULL
) ENGINE=InnoDB DEFAULT CHARSET=utf8 COLLATE=utf8_unicode_ci;

-- --------------------------------------------------------

--
-- Table structure for table `projects`
--

CREATE TABLE `projects` (
  `id` int(10) UNSIGNED NOT NULL,
  `client_id` int(10) UNSIGNED NOT NULL,
  `title` varchar(255) COLLATE utf8_unicode_ci NOT NULL,
  `status` int(11) NOT NULL DEFAULT '1',
  `created_at` timestamp NULL DEFAULT NULL,
  `updated_at` timestamp NULL DEFAULT NULL
) ENGINE=InnoDB DEFAULT CHARSET=utf8 COLLATE=utf8_unicode_ci;

--
-- Dumping data for table `projects`
--

INSERT INTO `projects` (`id`, `client_id`, `title`, `status`, `created_at`, `updated_at`) VALUES
(1, 1, 'Test Project', 1, '2017-10-12 04:31:12', '2017-10-12 04:31:12'),
(2, 1, 'Top Rank Dental', 0, '2017-10-12 23:13:44', '2017-10-12 23:13:44');

-- --------------------------------------------------------

--
-- Table structure for table `tasks`
--

CREATE TABLE `tasks` (
  `id` int(10) UNSIGNED NOT NULL,
  `user_id` int(10) UNSIGNED NOT NULL,
  `project_id` int(10) UNSIGNED NOT NULL,
  `title` varchar(255) COLLATE utf8_unicode_ci DEFAULT NULL,
  `description` text COLLATE utf8_unicode_ci,
  `total_time` varchar(30) COLLATE utf8_unicode_ci DEFAULT NULL,
  `status` varchar(255) COLLATE utf8_unicode_ci NOT NULL DEFAULT '0',
  `ref_link` varchar(255) COLLATE utf8_unicode_ci DEFAULT NULL,
  `created_at` timestamp NULL DEFAULT NULL,
  `updated_at` timestamp NULL DEFAULT NULL
) ENGINE=InnoDB DEFAULT CHARSET=utf8 COLLATE=utf8_unicode_ci;

--
-- Dumping data for table `tasks`
--

INSERT INTO `tasks` (`id`, `user_id`, `project_id`, `title`, `description`, `total_time`, `status`, `ref_link`, `created_at`, `updated_at`) VALUES
(1, 1, 1, 'Task title', 'test description', '1', '1', 'abc.com', '2017-10-12 04:35:55', '2017-10-12 04:35:55'),
(2, 1, 1, 'task title two', 'test decription two', '2', '0', 'two.com', '2017-10-12 04:35:56', '2017-10-12 04:35:56'),
(3, 1, 1, 'task title', 'test description three', '3', '1', 'abcdefg.com', '2017-10-12 04:35:56', '2017-10-12 04:35:56'),
(4, 2, 1, 'test titile', 'test description four', '4', '0', 'abcdefg.com', '2017-10-12 04:39:13', '2017-10-12 04:39:13'),
(5, 2, 1, 'test titile', 'test decription five', '5', '1', 'hgdff.com', '2017-10-12 04:39:13', '2017-10-12 04:39:13'),
(9, 1, 1, 'tttttttttt', 'kkk', '10', '1', 'www.google.com', '2017-10-12 23:14:51', '2017-10-13 04:06:50'),
(11, 1, 1, 'Task title', 'description', '4', '0', 'abcdefg.com', '2017-10-12 23:19:55', '2017-10-12 23:19:55'),
(12, 1, 1, 'dental Mdule', 'ddddddd', '3', '1', 'abcd.com', '2017-10-12 23:55:57', '2017-10-12 23:55:57'),
(13, 1, 1, 'test titile', 'task discription', '1', '1', 'https://laravel.com/docs/5.5/eloquent#retrieving-models', '2017-10-14 01:46:21', '2017-10-14 01:46:21'),
(14, 2, 1, 'Task title', 'asdfggj', '5', '0', 'dentalinsider.com', '2017-10-14 03:25:57', '2017-10-14 03:25:57');

-- --------------------------------------------------------

--
-- Table structure for table `users`
--

CREATE TABLE `users` (
  `id` int(10) UNSIGNED NOT NULL,
  `user_type_id` int(10) UNSIGNED DEFAULT NULL,
  `firstname` varchar(255) COLLATE utf8_unicode_ci DEFAULT NULL,
  `lastname` varchar(255) COLLATE utf8_unicode_ci DEFAULT NULL,
  `address` varchar(255) COLLATE utf8_unicode_ci DEFAULT NULL,
  `phone` int(11) DEFAULT NULL,
  `email` varchar(255) COLLATE utf8_unicode_ci DEFAULT NULL,
  `password` varchar(255) COLLATE utf8_unicode_ci DEFAULT NULL,
  `slug` varchar(255) COLLATE utf8_unicode_ci DEFAULT NULL,
  `last_login_at` timestamp NOT NULL DEFAULT CURRENT_TIMESTAMP,
  `remember_token` varchar(255) COLLATE utf8_unicode_ci DEFAULT NULL,
  `created_at` timestamp NULL DEFAULT NULL,
  `updated_at` timestamp NULL DEFAULT NULL,
  `name` varchar(255) COLLATE utf8_unicode_ci DEFAULT NULL,
  `status` int(11) DEFAULT '0',
  `image` text COLLATE utf8_unicode_ci
) ENGINE=InnoDB DEFAULT CHARSET=utf8 COLLATE=utf8_unicode_ci;

--
-- Dumping data for table `users`
--

INSERT INTO `users` (`id`, `user_type_id`, `firstname`, `lastname`, `address`, `phone`, `email`, `password`, `slug`, `last_login_at`, `remember_token`, `created_at`, `updated_at`, `name`, `status`, `image`) VALUES
(1, 1, 'Jitendra', 'Rathod', 'full address', 98754321, 'admin@gmail.com', '$2y$10$8HiNGIdnO18q7KVAsx6vCONxj4e9WCiNdGg0xwVIxZaQa3C9VbxfK', NULL, '2017-10-15 22:26:47', '4WEi1EZ7v1POdBYSgqQFPH7wZCkGUbihRXEcj2YebO6GhtpFWVgBKEZcMDU7', NULL, '2017-10-16 00:00:38', 'Jitendra Rathod', 1, 'b4954363c6825922d44deb97eb693370.jpg'),
(2, 3, 'employee', 'phpdots', 'full address', 12345678, 'employee@gmail.com', '$2y$10$ayqthyaFPZdkm5R2.Ag10.QbaW/c6dDrPGkpdJVliFc7hy0UicTDe', 'employee-phpdots', '2017-10-15 10:20:27', 'e6pF4D0vmwW3FRczNC9jR6C1EIQU22VVgDEzMoDF7rGs0mZLFdFVJJBao6G4', '2017-10-05 02:24:59', '2017-10-15 11:04:32', 'employee phpdots', 1, 'ec02191fa540524ba5007ba6c9e44ebc.jpg'),
(3, 2, 'test user', 'test', 'full adress', 12345678, 'test@gmail.com', '$2y$10$BKRYolgbUttkgMmhU8IcDOrrq6HyXIRZNfJicKylci6OzBlH8AJiy', 'test-user-test', '2017-10-13 08:53:08', NULL, '2017-10-13 03:23:08', '2017-10-13 03:23:08', 'test user test', 0, NULL),
(9, 2, 'Example', 'Girl', 'full address', 12345678, 'examplegirl@gmail.com', '$2y$10$eS6Vu79cS5ZzL.bYDD6F8ucX6zxHfZh3JgJeAQhU1j2GrBFWyxK7C', 'example-girl', '2017-10-14 12:10:20', NULL, '2017-10-14 06:40:20', '2017-10-15 11:01:50', 'Example Girl', 1, '4fe3671b701ab704f5fed2d4cba4ec91.jpg');

-- --------------------------------------------------------

--
-- Table structure for table `user_types`
--

CREATE TABLE `user_types` (
  `id` int(10) UNSIGNED NOT NULL,
  `title` varchar(255) COLLATE utf8_unicode_ci NOT NULL,
  `created_at` timestamp NULL DEFAULT NULL,
  `updated_at` timestamp NULL DEFAULT NULL
) ENGINE=InnoDB DEFAULT CHARSET=utf8 COLLATE=utf8_unicode_ci;

--
-- Dumping data for table `user_types`
--

INSERT INTO `user_types` (`id`, `title`, `created_at`, `updated_at`) VALUES
(1, 'Super Admin', '2017-09-28 01:39:06', '2017-10-03 03:50:24'),
(2, 'Team Leader', '2017-09-28 01:39:36', '2017-10-03 03:50:39'),
(3, 'Employee', '2017-10-03 03:51:02', '2017-10-03 03:51:02');

--
-- Indexes for dumped tables
--

--
-- Indexes for table `admin_actions`
--
ALTER TABLE `admin_actions`
  ADD PRIMARY KEY (`id`);

--
-- Indexes for table `admin_groups`
--
ALTER TABLE `admin_groups`
  ADD PRIMARY KEY (`id`),
  ADD KEY `parent_id` (`parent_id`);

--
-- Indexes for table `admin_group_pages`
--
ALTER TABLE `admin_group_pages`
  ADD PRIMARY KEY (`id`),
  ADD KEY `admin_group_id` (`admin_group_id`);

--
-- Indexes for table `admin_logs`
--
ALTER TABLE `admin_logs`
  ADD PRIMARY KEY (`id`);

--
-- Indexes for table `admin_user_rights`
--
ALTER TABLE `admin_user_rights`
  ADD KEY `page_id` (`page_id`),
  ADD KEY `user_type_id` (`user_type_id`);

--
-- Indexes for table `admin_user_types`
--
ALTER TABLE `admin_user_types`
  ADD PRIMARY KEY (`id`);

--
-- Indexes for table `clients`
--
ALTER TABLE `clients`
  ADD PRIMARY KEY (`id`);

--
-- Indexes for table `client_users`
--
ALTER TABLE `client_users`
  ADD PRIMARY KEY (`id`);

--
-- Indexes for table `email_sent_logs`
--
ALTER TABLE `email_sent_logs`
  ADD PRIMARY KEY (`id`);

--
-- Indexes for table `leave_requests`
--
ALTER TABLE `leave_requests`
  ADD PRIMARY KEY (`id`),
  ADD KEY `leave_requests_user_id_foreign` (`user_id`);

--
-- Indexes for table `leave_request_details`
--
ALTER TABLE `leave_request_details`
  ADD PRIMARY KEY (`id`),
  ADD KEY `leave_request_details_leave_id_foreign` (`leave_id`);

--
-- Indexes for table `migrations`
--
ALTER TABLE `migrations`
  ADD PRIMARY KEY (`id`);

--
-- Indexes for table `password_resets`
--
ALTER TABLE `password_resets`
  ADD KEY `password_resets_email_index` (`email`),
  ADD KEY `password_resets_token_index` (`token`);

--
-- Indexes for table `projects`
--
ALTER TABLE `projects`
  ADD PRIMARY KEY (`id`),
  ADD KEY `projects_client_id_foreign` (`client_id`);

--
-- Indexes for table `tasks`
--
ALTER TABLE `tasks`
  ADD PRIMARY KEY (`id`),
  ADD KEY `tasks_user_id_foreign` (`user_id`),
  ADD KEY `tasks_project_id_foreign` (`project_id`);

--
-- Indexes for table `users`
--
ALTER TABLE `users`
  ADD PRIMARY KEY (`id`),
  ADD KEY `users_user_type_id_foreign` (`user_type_id`);

--
-- Indexes for table `user_types`
--
ALTER TABLE `user_types`
  ADD PRIMARY KEY (`id`);

--
-- AUTO_INCREMENT for dumped tables
--

--
-- AUTO_INCREMENT for table `admin_actions`
--
ALTER TABLE `admin_actions`
  MODIFY `id` bigint(64) NOT NULL AUTO_INCREMENT, AUTO_INCREMENT=45;
--
-- AUTO_INCREMENT for table `admin_groups`
--
ALTER TABLE `admin_groups`
  MODIFY `id` int(11) NOT NULL AUTO_INCREMENT, AUTO_INCREMENT=9;
--
-- AUTO_INCREMENT for table `admin_group_pages`
--
ALTER TABLE `admin_group_pages`
  MODIFY `id` int(11) NOT NULL AUTO_INCREMENT, AUTO_INCREMENT=59;
--
-- AUTO_INCREMENT for table `admin_logs`
--
ALTER TABLE `admin_logs`
  MODIFY `id` int(64) NOT NULL AUTO_INCREMENT, AUTO_INCREMENT=1132;
--
-- AUTO_INCREMENT for table `admin_user_types`
--
ALTER TABLE `admin_user_types`
  MODIFY `id` int(11) NOT NULL AUTO_INCREMENT, AUTO_INCREMENT=4;
--
-- AUTO_INCREMENT for table `clients`
--
ALTER TABLE `clients`
  MODIFY `id` int(10) UNSIGNED NOT NULL AUTO_INCREMENT, AUTO_INCREMENT=2;
--
-- AUTO_INCREMENT for table `client_users`
--
ALTER TABLE `client_users`
  MODIFY `id` int(10) UNSIGNED NOT NULL AUTO_INCREMENT;
--
-- AUTO_INCREMENT for table `email_sent_logs`
--
ALTER TABLE `email_sent_logs`
  MODIFY `id` int(10) UNSIGNED NOT NULL AUTO_INCREMENT;
--
-- AUTO_INCREMENT for table `leave_requests`
--
ALTER TABLE `leave_requests`
  MODIFY `id` int(10) UNSIGNED NOT NULL AUTO_INCREMENT, AUTO_INCREMENT=47;
--
-- AUTO_INCREMENT for table `leave_request_details`
--
ALTER TABLE `leave_request_details`
  MODIFY `id` int(10) UNSIGNED NOT NULL AUTO_INCREMENT, AUTO_INCREMENT=206;
--
-- AUTO_INCREMENT for table `migrations`
--
ALTER TABLE `migrations`
  MODIFY `id` int(10) UNSIGNED NOT NULL AUTO_INCREMENT, AUTO_INCREMENT=54;
--
-- AUTO_INCREMENT for table `projects`
--
ALTER TABLE `projects`
  MODIFY `id` int(10) UNSIGNED NOT NULL AUTO_INCREMENT, AUTO_INCREMENT=3;
--
-- AUTO_INCREMENT for table `tasks`
--
ALTER TABLE `tasks`
  MODIFY `id` int(10) UNSIGNED NOT NULL AUTO_INCREMENT, AUTO_INCREMENT=15;
--
-- AUTO_INCREMENT for table `users`
--
ALTER TABLE `users`
  MODIFY `id` int(10) UNSIGNED NOT NULL AUTO_INCREMENT, AUTO_INCREMENT=10;
--
-- AUTO_INCREMENT for table `user_types`
--
ALTER TABLE `user_types`
  MODIFY `id` int(10) UNSIGNED NOT NULL AUTO_INCREMENT, AUTO_INCREMENT=4;
--
-- Constraints for dumped tables
--

--
-- Constraints for table `admin_groups`
--
ALTER TABLE `admin_groups`
  ADD CONSTRAINT `admin_groups_ibfk_1` FOREIGN KEY (`parent_id`) REFERENCES `admin_groups` (`id`) ON DELETE CASCADE;

--
-- Constraints for table `admin_group_pages`
--
ALTER TABLE `admin_group_pages`
  ADD CONSTRAINT `admin_group_pages_ibfk_1` FOREIGN KEY (`admin_group_id`) REFERENCES `admin_groups` (`id`) ON DELETE CASCADE;

--
-- Constraints for table `admin_user_rights`
--
ALTER TABLE `admin_user_rights`
  ADD CONSTRAINT `admin_user_rights_ibfk_1` FOREIGN KEY (`page_id`) REFERENCES `admin_group_pages` (`id`) ON DELETE CASCADE,
  ADD CONSTRAINT `admin_user_rights_ibfk_2` FOREIGN KEY (`user_type_id`) REFERENCES `admin_user_types` (`id`) ON DELETE CASCADE;

--
-- Constraints for table `leave_requests`
--
ALTER TABLE `leave_requests`
  ADD CONSTRAINT `leave_requests_user_id_foreign` FOREIGN KEY (`user_id`) REFERENCES `users` (`id`);

--
-- Constraints for table `leave_request_details`
--
ALTER TABLE `leave_request_details`
  ADD CONSTRAINT `leave_request_details_leave_id_foreign` FOREIGN KEY (`leave_id`) REFERENCES `leave_requests` (`id`);

--
-- Constraints for table `projects`
--
ALTER TABLE `projects`
  ADD CONSTRAINT `projects_client_id_foreign` FOREIGN KEY (`client_id`) REFERENCES `clients` (`id`) ON DELETE CASCADE;

--
-- Constraints for table `tasks`
--
ALTER TABLE `tasks`
  ADD CONSTRAINT `tasks_project_id_foreign` FOREIGN KEY (`project_id`) REFERENCES `projects` (`id`),
  ADD CONSTRAINT `tasks_user_id_foreign` FOREIGN KEY (`user_id`) REFERENCES `users` (`id`);

--
-- Constraints for table `users`
--
ALTER TABLE `users`
  ADD CONSTRAINT `users_user_type_id_foreign` FOREIGN KEY (`user_type_id`) REFERENCES `user_types` (`id`);
COMMIT;

/*!40101 SET CHARACTER_SET_CLIENT=@OLD_CHARACTER_SET_CLIENT */;
/*!40101 SET CHARACTER_SET_RESULTS=@OLD_CHARACTER_SET_RESULTS */;
/*!40101 SET COLLATION_CONNECTION=@OLD_COLLATION_CONNECTION */;
